HH_ID,STATE,HR,REGION_TYPE,MONTH_SLOT,MONTH,REASON_FOR_NON_RESPONSE,DISTRICT,RESPONSE_STATUS,FAMILY_SHIFTED,STRATUM,PSU_ID,HH_WEIGHT_MS,HH_WEIGHT_FOR_COUNTRY_MS,HH_WEIGHT_FOR_STATE_MS,HH_NON_RESPONSE_MS,HH_NON_RESPONSE_FOR_COUNTRY_MS,HH_NON_RESPONSE_FOR_STATE_MS,AGE_GROUP,OCCUPATION_GROUP,EDUCATION_GROUP,GENDER_GROUP,SIZE_GROUP,TOTAL_EXPENDITURE,ADJ_TOTAL_EXPENDITURE,MONTHLY_EXPENSE_ON_FOOD,ADJ_MONTHLY_EXPENSE_ON_FOOD,MONTHLY_EXPENSE_ON_CEREALS_AND_PULSES,MONTHLY_EXPENSE_ON_CEREALS_WHOLEGRAIN,MONTHLY_EXPENSE_ON_PROCESSED_CEREALS_AND_PULSES,MONTHLY_EXPENSE_ON_PULSES,MONTHLY_EXPENSE_ON_EDIBLE_OILS,ADJ_MONTHLY_EXPENSE_ON_EDIBLE_OILS,MONTHLY_EXPENSE_ON_GHEE,MONTHLY_EXPENSE_ON_DRY_SPICES,MONTHLY_EXPENSE_ON_VEGETABLES_AND_WET_SPICES,ADJ_MONTHLY_EXPENSE_ON_VEGETABLES_AND_WET_SPICES,MONTHLY_EXPENSE_ON_FRUITS,ADJ_MONTHLY_EXPENSE_ON_FRUITS,MONTHLY_EXPENSE_ON_DRY_FRUITS_AND_SAFFRON,MONTHLY_EXPENSE_ON_POTATOES_AND_ONIONS,ADJ_MONTHLY_EXPENSE_ON_POTATOES_AND_ONIONS,MONTHLY_EXPENSE_ON_MILK_AND_MILK_PRODUCTS,ADJ_MONTHLY_EXPENSE_ON_MILK_AND_MILK_PRODUCTS,MONTHLY_EXPENSE_ON_MILK_AND_MILK_POWDER,ADJ_MONTHLY_EXPENSE_ON_MILK_AND_MILK_POWDER,MONTHLY_EXPENSE_ON_MILK_PRODUCTS,ADJ_MONTHLY_EXPENSE_ON_MILK_PRODUCTS,MONTHLY_EXPENSE_ON_MITHAI,ADJ_MONTHLY_EXPENSE_ON_MITHAI,MONTHLY_EXPENSE_ON_BREAD,ADJ_MONTHLY_EXPENSE_ON_BREAD,MONTHLY_EXPENSE_ON_BISCUITS,ADJ_MONTHLY_EXPENSE_ON_BISCUITS,MONTHLY_EXPENSE_ON_SALTY_SNACKS,ADJ_MONTHLY_EXPENSE_ON_SALTY_SNACKS,MONTHLY_EXPENSE_ON_NOODLES_AND_FLAKES,MONTHLY_EXPENSE_ON_NOODLES_AND_PASTA,MONTHLY_EXPENSE_ON_FLAKES_MUESLI_AND_OATS,MONTHLY_EXPENSE_ON_CHOCOLATE_CAKE_ICE_CREAM,ADJ_MONTHLY_EXPENSE_ON_CHOCOLATE_CAKE_ICE_CREAM,MONTHLY_EXPENSE_ON_CHOCOLATES_AND_CAKES,ADJ_MONTHLY_EXPENSE_ON_CHOCOLATES_AND_CAKES,MONTHLY_EXPENSE_ON_ICE_CREAMS,ADJ_MONTHLY_EXPENSE_ON_ICE_CREAMS,MONTHLY_EXPENSE_ON_JAM_KETCHUP_PICKLES,MONTHLY_EXPENSE_ON_HEALTH_SUPPLEMENTS,MONTHLY_EXPENSE_ON_MEAT_EGGS_AND_FISH,ADJ_MONTHLY_EXPENSE_ON_MEAT_EGGS_AND_FISH,MONTHLY_EXPENSE_ON_MEAT_AND_FISH,ADJ_MONTHLY_EXPENSE_ON_MEAT_AND_FISH,MONTHLY_EXPENSE_ON_EGGS,ADJ_MONTHLY_EXPENSE_ON_EGGS,MONTHLY_EXPENSE_ON_READY_TO_EAT_FOOD,MONTHLY_EXPENSE_ON_TEA,MONTHLY_EXPENSE_ON_COFFEE,MONTHLY_EXPENSE_ON_SUGAR_AND_OTHER_SWEETENERS,MONTHLY_EXPENSE_ON_BEVERAGES_AND_WATER,ADJ_MONTHLY_EXPENSE_ON_BEVERAGES_AND_WATER,MONTHLY_EXPENSE_ON_BOTTLED_WATER,ADJ_MONTHLY_EXPENSE_ON_BOTTLED_WATER,MONTHLY_EXPENSE_ON_BABY_FOOD,MONTHLY_EXPENSE_ON_OTHER_FOODS,MONTHLY_EXPENSE_ON_INTOXICANTS,ADJ_MONTHLY_EXPENSE_ON_INTOXICANTS,MONTHLY_EXPENSE_ON_CIGARETTES_AND_TOBACCO,ADJ_MONTHLY_EXPENSE_ON_CIGARETTES_AND_TOBACCO,MONTHLY_EXPENSE_ON_CIGARETTES,ADJ_MONTHLY_EXPENSE_ON_CIGARETTES,MONTHLY_EXPENSE_ON_BIDIS,ADJ_MONTHLY_EXPENSE_ON_BIDIS,MONTHLY_EXPENSE_ON_OTHER_TOBACCO_PRODUCTS,ADJ_MONTHLY_EXPENSE_ON_OTHER_TOBACCO_PRODUCTS,MONTHLY_EXPENSE_ON_LIQUOR,MONTHLY_EXPENSE_ON_CLOTHING_AND_FOOTWEAR,MONTHLY_EXPENSE_ON_CLOTHING,MONTHLY_EXPENSE_ON_FOOTWEAR,MONTHLY_EXPENSE_ON_CLOTHING_ACCESSORIES,MONTHLY_EXPENSE_ON_ARTIFICIAL_JEWELLERY,MONTHLY_EXPENSE_ON_BAGS_WALLETS_WATCHES_GLASSES,MONTHLY_EXPENSE_ON_GEMS_AND_JEWELLERY,MONTHLY_EXPENSE_ON_COSMETIC_AND_TOILETRIES,MONTHLY_EXPENSE_ON_DENTAL_CARE_PRODUCTS,MONTHLY_EXPENSE_ON_TOOTHPASTE,MONTHLY_EXPENSE_ON_TOOTHPOWDER,MONTHLY_EXPENSE_ON_TOOTHBRUSH,MONTHLY_EXPENSE_ON_BATHING_SOAP,MONTHLY_EXPENSE_ON_COSMETICS,MONTHLY_EXPENSE_ON_FACE_WASH,MONTHLY_EXPENSE_ON_SHAVING_ARTICLES,MONTHLY_EXPENSE_ON_HAIR_OIL,MONTHLY_EXPENSE_ON_SHAMPOO_AND_CONDITIONER,MONTHLY_EXPENSE_ON_OTHER_HAIR_COSMETICS,MONTHLY_EXPENSE_ON_OTHER_COSMETICS,MONTHLY_EXPENSE_ON_POWDER,MONTHLY_EXPENSE_ON_CREAMS,MONTHLY_EXPENSE_ON_DEODORANTS_AND_PERFUMES,MONTHLY_EXPENSE_ON_ALL_TYPES_OF_DETERGENT,MONTHLY_EXPENSE_ON_DETERGENT_BARS,MONTHLY_EXPENSE_ON_DETERGENT_LIQUIDS_AND_POWDER,MONTHLY_EXPENSE_ON_SCOURERS,MONTHLY_EXPENSE_ON_OTHER_HOUSECARE_PRODUCTS,MONTHLY_EXPENSE_ON_APPLIANCES,MONTHLY_EXPENSE_ON_KITCHEN_APPLIANCES,MONTHLY_EXPENSE_ON_HOUSEHOLD_APPLIANCES,MONTHLY_EXPENSE_ON_MOBILES_AND_ACCESSORIES,MONTHLY_EXPENSE_ON_RESTAURANTS,ADJ_MONTHLY_EXPENSE_ON_RESTAURANTS,MONTHLY_EXPENSE_ON_FOOD_IN_RESTAURANTS,ADJ_MONTHLY_EXPENSE_ON_FOOD_IN_RESTAURANTS,MONTHLY_EXPENSE_ON_LIQUOR_IN_RESTAURANTS,MONTHLY_EXPENSE_ON_RECREATION,MONTHLY_EXPENSE_ON_ELECTRONIC_STORAGE_DEVICES,MONTHLY_EXPENSE_ON_ENTERTAINMENT,MONTHLY_EXPENSE_ON_TOYS,MONTHLY_EXPENSE_ON_BILLS_AND_RENT,MONTHLY_EXPENSE_ON_HOUSE_RENT,MONTHLY_EXPENSE_ON_WATER_CHARGES,MONTHLY_EXPENSE_ON_SOCIETY_CHARGES,MONTHLY_EXPENSE_ON_OTHER_TAXES,MONTHLY_EXPENSE_ON_POWER_AND_FUEL,ADJ_MONTHLY_EXPENSE_ON_POWER_AND_FUEL,MONTHLY_EXPENSE_ON_COOKING_FUEL,MONTHLY_EXPENSE_ON_PETROL_AND_DIESEL,ADJ_MONTHLY_EXPENSE_ON_PETROL_AND_DIESEL,MONTHLY_EXPENSE_ON_PETROL_AND_CNG,ADJ_MONTHLY_EXPENSE_ON_PETROL_AND_CNG,MONTHLY_EXPENSE_ON_DIESEL,ADJ_MONTHLY_EXPENSE_ON_DIESEL,MONTHLY_EXPENSE_ON_ELECTRICITY,MONTHLY_EXPENSE_ON_TRANSPORT,ADJ_MONTHLY_EXPENSE_ON_TRANSPORT,MONTHLY_EXPENSE_ON_BUS_TRAIN_AND_FERRY,MONTHLY_EXPENSE_ON_OUTSTATION_TAXI_BUS_TRAIN,MONTHLY_EXPENSE_ON_AUTORICKSHAW_AND_CAB,ADJ_MONTHLY_EXPENSE_ON_AUTORICKSHAW_AND_CAB,MONTHLY_EXPENSE_ON_AIRFARE,MONTHLY_EXPENSE_ON_PARKING_FEES,MONTHLY_EXPENSE_ON_TOLL_CHARGES,MONTHLY_EXPENSE_ON_COMMUNICATION_AND_INFO,MONTHLY_EXPENSE_ON_LANDLINE_PHONE,MONTHLY_EXPENSE_ON_CELL_PHONE,MONTHLY_EXPENSE_ON_CABLE_TV,MONTHLY_EXPENSE_ON_INTERNET,MONTHLY_EXPENSE_ON_NEWSPAPERS_AND_MAGAZINES,MONTHLY_EXPENSE_ON_EDUCATION,MONTHLY_EXPENSE_ON_SCHOOL_ACADEMIC_BOOKS,MONTHLY_EXPENSE_ON_FICTION_NON_FICTION_BOOKS,MONTHLY_EXPENSE_ON_STATIONERY,MONTHLY_EXPENSE_ON_SCHOOL_COLLEGE_FEES,MONTHLY_EXPENSE_ON_PRIVATE_TUITION_FEES,MONTHLY_EXPENSE_ON_HOBBY_CLASSES,MONTHLY_EXPENSE_ON_SCHOOL_TRANSPORT,MONTHLY_EXPENSE_ON_ADDITIONAL_PROFESSIONAL_EDUCATION,MONTHLY_EXPENSE_ON_OVERSEAS_EDUCATION,MONTHLY_EXPENSE_ON_OTHERS_EDUCATION,MONTHLY_EXPENSE_ON_HEALTH,MONTHLY_EXPENSE_ON_MEDICINES,MONTHLY_EXPENSE_ON_DOCTORS_PHYSIOTHERAPISTS_FEE,MONTHLY_EXPENSE_ON_MEDICAL_TESTS,MONTHLY_EXPENSE_ON_HOSPITALISATION_FEES,MONTHLY_EXPENSE_ON_HEALTH_INSURANCE_PREMIUM,MONTHLY_EXPENSE_ON_HEALTH_ENHANCEMENT,MONTHLY_EXPENSE_ON_HYGIENE_PRODUCTS,MONTHLY_EXPENSE_ON_FITNESS,MONTHLY_EXPENSE_ON_PARLOR_SPA,MONTHLY_EXPENSE_ON_ALL_EMIS,MONTHLY_EXPENSE_ON_EMI_FOR_HOUSE,MONTHLY_EXPENSE_ON_EMI_FOR_VEHICLES,MONTHLY_EXPENSE_ON_EMI_FOR_DURABLES,MONTHLY_EXPENSE_ON_OTHER_EMIS,MONTHLY_EXPENSE_ON_MISCELLANEOUS,MONTHLY_EXPENSE_ON_DOMESTIC_HELP,MONTHLY_EXPENSE_ON_MOTOR_VEHICLE_REPAIRS,MONTHLY_EXPENSE_ON_REMITTANCES_SENT,MONTHLY_EXPENSE_ON_SOCIAL_OBLIGATIONS,MONTHLY_EXPENSE_ON_RELIGIOUS_OBLIGATIONS,MONTHLY_EXPENSE_ON_PROFESSIONAL_CONSULTATION,MONTHLY_EXPENSE_ON_GENERAL_INSURANCE,MONTHLY_EXPENSE_ON_VACATION,MONTHLY_EXPENSE_ON_LIGHTING,MONTHLY_EXPENSE_ON_FURNITURE_AND_FURNISHINGS,MONTHLY_EXPENSE_ON_PAINTING_AND_RENOVATION,MONTHLY_EXPENSE_ON_UTENSILS,MONTHLY_EXPENSE_ON_POCKET_MONEY,MONTHLY_EXPENSE_ON_PETS
33785184,Maharashtra,HR 42,URBAN,Apr-20,Dec-19,Could not be executed,Nashik,Non-Response,Data Not Available,HR 42_URBAN_VL,PSU_ID_2443,1327.140493,1327.140493,1327.140493,2.95082,2.95082,2.95082,Data Not Available,Data Not Available,Data Not Available,Data Not Available,Data Not Available,-99,-99,-99,-99,-99,-99,-99,-99,-99,-99,-99,-99,-99,-99,-99,-99,-99,-99,-99,-99,-99,-99,-99,-99,-99,-99,-99,-99,-99,-99,-99,-99,-99,-99,-99,-99,-99,-99,-99,-99,-99,-99,-99,-99,-99,-99,-99,-99,-99,-99,-99,-99,-99,-99,-99,-99,-99,-99,-99,-99,-99,-99,-99,-99,-99,-99,-99,-99,-99,-99,-99,-99,-99,-99,-99,-99,-99,-99,-99,-99,-99,-99,-99,-99,-99,-99,-99,-99,-99,-99,-99,-99,-99,-99,-99,-99,-99,-99,-99,-99,-99,-99,-99,-99,-99,-99,-99,-99,-99,-99,-99,-99,-99,-99,-99,-99,-99,-99,-99,-99,-99,-99,-99,-99,-99,-99,-99,-99,-99,-99,-99,-99,-99,-99,-99,-99,-99,-99,-99,-99,-99,-99,-99,-99,-99,-99,-99,-99,-99,-99,-99,-99,-99,-99,-99,-99,-99,-99,-99,-99,-99,-99,-99,-99,-99,-99,-99,-99,-99,-99,-99,-99,-99,-99,-99,-99,-99,-99,-99,-99,-99,-99,-99
23694649,Punjab,HR 5,URBAN,Apr-20,Dec-19,Household not found,Jalandhar,Non-Response,Data Not Available,HR 5_URBAN_L,PSU_ID_190,527.165356,527.165356,527.165356,1.718447,1.718447,1.718447,Data Not Available,Data Not Available,Data Not Available,Data Not Available,Data Not Available,-99,-99,-99,-99,-99,-99,-99,-99,-99,-99,-99,-99,-99,-99,-99,-99,-99,-99,-99,-99,-99,-99,-99,-99,-99,-99,-99,-99,-99,-99,-99,-99,-99,-99,-99,-99,-99,-99,-99,-99,-99,-99,-99,-99,-99,-99,-99,-99,-99,-99,-99,-99,-99,-99,-99,-99,-99,-99,-99,-99,-99,-99,-99,-99,-99,-99,-99,-99,-99,-99,-99,-99,-99,-99,-99,-99,-99,-99,-99,-99,-99,-99,-99,-99,-99,-99,-99,-99,-99,-99,-99,-99,-99,-99,-99,-99,-99,-99,-99,-99,-99,-99,-99,-99,-99,-99,-99,-99,-99,-99,-99,-99,-99,-99,-99,-99,-99,-99,-99,-99,-99,-99,-99,-99,-99,-99,-99,-99,-99,-99,-99,-99,-99,-99,-99,-99,-99,-99,-99,-99,-99,-99,-99,-99,-99,-99,-99,-99,-99,-99,-99,-99,-99,-99,-99,-99,-99,-99,-99,-99,-99,-99,-99,-99,-99,-99,-99,-99,-99,-99,-99,-99,-99,-99,-99,-99,-99,-99,-99,-99,-99,-99,-99
76402568,Andhra Pradesh,HR 63,URBAN,Feb-20,Dec-19,Locked,Visakhapatnam,Non-Response,Data Not Available,HR 63_URBAN_VL,PSU_ID_3801,674.009602,674.009602,674.009602,1.065104,1.065104,1.065104,Data Not Available,Data Not Available,Data Not Available,Data Not Available,Data Not Available,-99,-99,-99,-99,-99,-99,-99,-99,-99,-99,-99,-99,-99,-99,-99,-99,-99,-99,-99,-99,-99,-99,-99,-99,-99,-99,-99,-99,-99,-99,-99,-99,-99,-99,-99,-99,-99,-99,-99,-99,-99,-99,-99,-99,-99,-99,-99,-99,-99,-99,-99,-99,-99,-99,-99,-99,-99,-99,-99,-99,-99,-99,-99,-99,-99,-99,-99,-99,-99,-99,-99,-99,-99,-99,-99,-99,-99,-99,-99,-99,-99,-99,-99,-99,-99,-99,-99,-99,-99,-99,-99,-99,-99,-99,-99,-99,-99,-99,-99,-99,-99,-99,-99,-99,-99,-99,-99,-99,-99,-99,-99,-99,-99,-99,-99,-99,-99,-99,-99,-99,-99,-99,-99,-99,-99,-99,-99,-99,-99,-99,-99,-99,-99,-99,-99,-99,-99,-99,-99,-99,-99,-99,-99,-99,-99,-99,-99,-99,-99,-99,-99,-99,-99,-99,-99,-99,-99,-99,-99,-99,-99,-99,-99,-99,-99,-99,-99,-99,-99,-99,-99,-99,-99,-99,-99,-99,-99,-99,-99,-99,-99,-99,-99
78340278,Bihar,HR 90,URBAN,Jan-20,Dec-19,No Failure,Saharsa,Accepted,N,HR 90_URBAN_M,PSU_ID_7000,535.735072,535.735072,535.735072,1.12963,1.12963,1.12963,Youngsters - dominant,Self-employed Entrepreneurs,Matriculates majority household,Male Majority,5 Members,8983,9076,4795,4774,1100,500,430,170,450,455,120,170,450,374,120,144,0,220,414,970,324,850,204,120,120,100,78,45,59,55,80,60,97,80,80,0,45,128,45,83,0,0,0,0,570,956,450,750,120,206,0,80,0,160,0,0,0,0,0,0,120,165,120,165,0,0,0,0,120,165,0,850,850,0,0,0,0,0,489,100,60,0,40,75,197,0,45,65,35,0,0,0,52,0,117,42,75,0,0,0,0,0,0,360,408,180,204,0,0,0,0,0,0,0,0,0,0,975,975,795,0,0,0,0,0,0,180,300,345,180,0,120,165,0,0,0,399,0,199,200,0,0,620,0,0,120,0,500,0,0,0,0,0,165,120,0,0,0,0,0,0,0,45,0,0,0,0,0,90,0,0,0,0,0,0,0,0,90,0,0,0,0,0
66486982,Maharashtra,HR 44,URBAN,Apr-20,Dec-19,No Failure,Nagpur,Accepted,N,HR 44_URBAN_VL,PSU_ID_2555,1354.314591,1354.314591,1354.314591,3.402778,3.402778,3.402778,Grown-up - dominant,Retired/Aged,Graduates minority household,Male Dominated,4 Members,15319,15339,5360,6236,1250,850,200,200,700,1351,0,180,850,1182,90,139,0,200,308,880,328,800,240,80,88,0,0,70,129,30,53,60,182,0,0,0,0,0,0,0,0,0,150,0,540,624,450,450,90,174,50,100,0,180,0,0,0,0,0,30,0,0,0,0,0,0,0,0,0,0,0,1870,1600,0,270,70,200,0,840,120,60,20,40,70,200,0,30,60,40,0,40,30,0,0,100,60,40,350,0,0,0,0,0,600,600,300,300,0,0,0,0,0,200,0,200,0,0,3250,2394,740,1800,944,1800,944,0,0,710,100,100,0,0,100,100,0,0,0,1239,0,699,360,0,180,140,0,60,80,0,0,0,0,0,0,0,400,200,0,0,0,0,0,0,0,200,0,0,0,0,0,1620,0,620,0,0,0,0,0,0,0,0,0,0,1000,0
11461371,Uttar Pradesh,HR 20,URBAN,Mar-20,Dec-19,No Failure,Jhansi,Accepted,N,HR 20_URBAN_S,PSU_ID_1079,675.814435,675.814435,675.814435,3.169811,3.169811,3.169811,Balanced households with no Seniors,Wage Labourers,Graduates minority household,Male Dominated,4 Members,13729,15128,6702,7926,1368,958,255,155,325,431,500,225,965,875,168,148,188,115,132,1498,1518,1400,1400,98,118,0,0,89,162,80,223,65,140,68,68,0,134,349,65,142,69,73,0,300,318,1137,250,1000,68,137,0,88,0,208,0,0,0,0,0,0,435,435,435,435,0,0,0,0,435,435,0,913,688,0,225,225,0,0,1065,58,58,0,0,90,567,0,43,85,60,0,200,89,90,0,150,90,60,0,200,0,0,0,0,0,0,0,0,0,0,0,0,0,0,0,0,0,0,2542,2650,788,1195,1303,1195,1303,0,0,559,29,96,0,0,29,96,0,0,0,574,0,199,225,0,150,900,0,0,100,800,0,0,0,0,0,0,493,200,0,0,0,0,0,125,0,168,0,0,0,0,0,76,0,0,0,0,50,0,0,0,26,0,0,0,0,0
73170273,Gujarat,HR 34,RURAL,Mar-20,Dec-19,Could not be executed,Gandhinagar,Non-Response,Data Not Available,HR 34_RURAL_R,PSU_ID_9028,1735.083769,1735.083769,1735.083769,1.852632,1.852632,1.852632,Data Not Available,Data Not Available,Data Not Available,Data Not Available,Data Not Available,-99,-99,-99,-99,-99,-99,-99,-99,-99,-99,-99,-99,-99,-99,-99,-99,-99,-99,-99,-99,-99,-99,-99,-99,-99,-99,-99,-99,-99,-99,-99,-99,-99,-99,-99,-99,-99,-99,-99,-99,-99,-99,-99,-99,-99,-99,-99,-99,-99,-99,-99,-99,-99,-99,-99,-99,-99,-99,-99,-99,-99,-99,-99,-99,-99,-99,-99,-99,-99,-99,-99,-99,-99,-99,-99,-99,-99,-99,-99,-99,-99,-99,-99,-99,-99,-99,-99,-99,-99,-99,-99,-99,-99,-99,-99,-99,-99,-99,-99,-99,-99,-99,-99,-99,-99,-99,-99,-99,-99,-99,-99,-99,-99,-99,-99,-99,-99,-99,-99,-99,-99,-99,-99,-99,-99,-99,-99,-99,-99,-99,-99,-99,-99,-99,-99,-99,-99,-99,-99,-99,-99,-99,-99,-99,-99,-99,-99,-99,-99,-99,-99,-99,-99,-99,-99,-99,-99,-99,-99,-99,-99,-99,-99,-99,-99,-99,-99,-99,-99,-99,-99,-99,-99,-99,-99,-99,-99,-99,-99,-99,-99,-99,-99
11324376,Gujarat,HR 34,URBAN,Feb-20,Dec-19,No Failure,Kheda,Accepted,N,HR 34_URBAN_M,PSU_ID_2009,497.424052,497.424052,497.424052,1.21875,1.21875,1.21875,Balanced households with no Seniors,Industrial Workers,Households of all literates,Male Dominated,4 Members,12175,12375,5110,5110,1370,1000,120,250,0,0,0,250,1200,1200,160,160,0,160,160,1160,1160,1000,1000,160,160,0,0,0,0,160,160,200,200,0,0,0,0,0,0,0,0,0,0,0,0,0,0,0,0,0,0,200,0,250,0,0,0,0,0,0,1600,1600,1600,1600,0,0,0,0,1600,1600,0,0,0,0,0,0,0,0,585,60,60,0,0,70,165,0,15,60,30,0,60,0,0,0,180,120,60,80,30,0,0,0,0,400,800,200,400,0,0,0,0,0,0,0,0,0,0,3630,3630,0,2000,2000,2000,2000,0,0,1630,200,200,200,0,0,0,0,0,0,550,0,200,350,0,0,0,0,0,0,0,0,0,0,0,0,0,200,0,0,0,0,0,0,0,0,200,0,0,0,0,0,100,0,0,0,0,100,0,0,0,0,0,0,0,0,0
81018452,Uttar Pradesh,HR 26,URBAN,Feb-20,Dec-19,No Failure,Rampur,Accepted,N,HR 26_URBAN_S,PSU_ID_1485,1083.078835,1083.078835,1083.078835,1.015873,1.015873,1.015873,Balanced households with no Seniors,Support Staff,Households of all literates,Balanced,4 Members,7795,8708,2870,3883,375,0,225,150,160,376,0,150,500,328,100,280,0,100,308,350,350,350,350,0,0,235,235,150,190,60,250,60,181,0,0,0,0,0,0,0,0,0,0,0,370,600,300,527,70,73,0,60,0,200,0,0,0,0,0,0,280,347,280,347,0,0,0,0,280,347,0,120,0,0,120,120,0,0,690,85,60,0,25,90,405,0,0,60,35,0,200,50,60,0,50,50,0,60,0,0,0,0,0,0,0,0,0,0,0,0,0,0,0,0,0,0,0,1810,1643,750,700,533,700,533,0,0,360,0,0,0,0,0,0,0,0,0,150,0,0,150,0,0,425,60,0,65,300,0,0,0,0,0,0,125,0,0,0,0,0,0,40,0,85,0,0,0,0,0,1325,0,0,0,0,1000,0,0,0,0,0,0,0,325,0
44109457,Rajasthan,HR 13,URBAN,Apr-20,Dec-19,Could not be executed,Dausa,Non-Response,Data Not Available,HR 13_URBAN_S,PSU_ID_724,659.615704,659.615704,659.615704,2.37037,2.37037,2.37037,Data Not Available,Data Not Available,Data Not Available,Data Not Available,Data Not Available,-99,-99,-99,-99,-99,-99,-99,-99,-99,-99,-99,-99,-99,-99,-99,-99,-99,-99,-99,-99,-99,-99,-99,-99,-99,-99,-99,-99,-99,-99,-99,-99,-99,-99,-99,-99,-99,-99,-99,-99,-99,-99,-99,-99,-99,-99,-99,-99,-99,-99,-99,-99,-99,-99,-99,-99,-99,-99,-99,-99,-99,-99,-99,-99,-99,-99,-99,-99,-99,-99,-99,-99,-99,-99,-99,-99,-99,-99,-99,-99,-99,-99,-99,-99,-99,-99,-99,-99,-99,-99,-99,-99,-99,-99,-99,-99,-99,-99,-99,-99,-99,-99,-99,-99,-99,-99,-99,-99,-99,-99,-99,-99,-99,-99,-99,-99,-99,-99,-99,-99,-99,-99,-99,-99,-99,-99,-99,-99,-99,-99,-99,-99,-99,-99,-99,-99,-99,-99,-99,-99,-99,-99,-99,-99,-99,-99,-99,-99,-99,-99,-99,-99,-99,-99,-99,-99,-99,-99,-99,-99,-99,-99,-99,-99,-99,-99,-99,-99,-99,-99,-99,-99,-99,-99,-99,-99,-99,-99,-99,-99,-99,-99,-99
64429218,Uttar Pradesh,HR 21,URBAN,Mar-20,Dec-19,Could not be executed,Etawah,Non-Response,Data Not Available,HR 21_URBAN_M,PSU_ID_1124,262.479203,262.479203,262.479203,1.415929,1.415929,1.415929,Data Not Available,Data Not Available,Data Not Available,Data Not Available,Data Not Available,-99,-99,-99,-99,-99,-99,-99,-99,-99,-99,-99,-99,-99,-99,-99,-99,-99,-99,-99,-99,-99,-99,-99,-99,-99,-99,-99,-99,-99,-99,-99,-99,-99,-99,-99,-99,-99,-99,-99,-99,-99,-99,-99,-99,-99,-99,-99,-99,-99,-99,-99,-99,-99,-99,-99,-99,-99,-99,-99,-99,-99,-99,-99,-99,-99,-99,-99,-99,-99,-99,-99,-99,-99,-99,-99,-99,-99,-99,-99,-99,-99,-99,-99,-99,-99,-99,-99,-99,-99,-99,-99,-99,-99,-99,-99,-99,-99,-99,-99,-99,-99,-99,-99,-99,-99,-99,-99,-99,-99,-99,-99,-99,-99,-99,-99,-99,-99,-99,-99,-99,-99,-99,-99,-99,-99,-99,-99,-99,-99,-99,-99,-99,-99,-99,-99,-99,-99,-99,-99,-99,-99,-99,-99,-99,-99,-99,-99,-99,-99,-99,-99,-99,-99,-99,-99,-99,-99,-99,-99,-99,-99,-99,-99,-99,-99,-99,-99,-99,-99,-99,-99,-99,-99,-99,-99,-99,-99,-99,-99,-99,-99,-99,-99
57148095,Tamil Nadu,HR 74,URBAN,Mar-20,Dec-19,Could not be executed,Coimbatore,Non-Response,Data Not Available,HR 74_URBAN_VL,PSU_ID_4971,676.874528,676.874528,676.874528,2.228365,2.228365,2.228365,Data Not Available,Data Not Available,Data Not Available,Data Not Available,Data Not Available,-99,-99,-99,-99,-99,-99,-99,-99,-99,-99,-99,-99,-99,-99,-99,-99,-99,-99,-99,-99,-99,-99,-99,-99,-99,-99,-99,-99,-99,-99,-99,-99,-99,-99,-99,-99,-99,-99,-99,-99,-99,-99,-99,-99,-99,-99,-99,-99,-99,-99,-99,-99,-99,-99,-99,-99,-99,-99,-99,-99,-99,-99,-99,-99,-99,-99,-99,-99,-99,-99,-99,-99,-99,-99,-99,-99,-99,-99,-99,-99,-99,-99,-99,-99,-99,-99,-99,-99,-99,-99,-99,-99,-99,-99,-99,-99,-99,-99,-99,-99,-99,-99,-99,-99,-99,-99,-99,-99,-99,-99,-99,-99,-99,-99,-99,-99,-99,-99,-99,-99,-99,-99,-99,-99,-99,-99,-99,-99,-99,-99,-99,-99,-99,-99,-99,-99,-99,-99,-99,-99,-99,-99,-99,-99,-99,-99,-99,-99,-99,-99,-99,-99,-99,-99,-99,-99,-99,-99,-99,-99,-99,-99,-99,-99,-99,-99,-99,-99,-99,-99,-99,-99,-99,-99,-99,-99,-99,-99,-99,-99,-99,-99,-99
89129783,Delhi,HR 11,RURAL,Mar-20,Dec-19,No Failure,North West,Accepted,N,HR 11_RURAL_R,PSU_ID_8244,263.664554,263.664554,263.664554,1.289062,1.289062,1.289062,Others households of Grown-ups,Entrepreneurs,Matriculates majority household,Male Majority,5 Members,13512,13775,6193,6416,1647,852,470,325,250,287,125,125,870,957,80,92,0,325,374,2000,2000,2000,2000,0,0,0,0,84,97,80,93,85,97,0,0,0,0,0,0,0,0,0,72,0,0,0,0,0,0,0,0,105,0,255,90,180,0,0,0,0,255,285,255,285,0,0,255,285,0,0,0,930,900,0,30,30,0,0,429,80,80,0,0,49,245,0,0,105,85,0,0,0,55,0,55,0,55,0,0,100,100,0,0,0,0,0,0,0,0,0,0,0,0,0,0,0,0,3080,3080,780,2000,2000,2000,2000,0,0,300,340,350,255,0,85,95,0,0,0,850,0,450,400,0,0,750,0,0,250,500,0,0,0,0,0,0,400,275,0,0,0,0,0,0,0,125,0,0,0,0,0,185,0,0,0,100,0,0,0,0,0,0,0,0,85,0
32779784,Maharashtra,HR 43,URBAN,Feb-20,Dec-19,No Failure,Aurangabad,Accepted,N,HR 43_URBAN_VL,PSU_ID_2489,811.766461,811.766461,811.766461,1.190476,1.190476,1.190476,Balanced households with no Seniors,Self-employed Entrepreneurs,All Matriculates household,Balanced,4 Members,16055,16362,5820,6347,1170,550,300,320,350,344,0,180,780,802,180,169,0,220,237,820,791,650,582,170,209,130,151,120,149,90,127,100,142,70,70,0,100,200,100,100,0,0,70,0,1070,1475,850,1255,220,220,0,90,0,280,0,0,0,0,0,0,680,628,380,328,0,0,0,0,380,328,300,650,0,250,400,100,300,0,1045,115,80,0,35,70,510,0,80,80,70,40,70,70,100,0,200,90,110,0,150,0,0,0,0,1600,1600,500,500,300,0,0,0,0,250,0,250,0,0,3750,3593,750,1700,1543,1700,1543,0,0,1300,300,289,0,0,300,289,0,0,0,600,0,300,300,0,0,110,0,0,110,0,0,0,0,0,0,0,1020,500,200,0,0,0,0,70,0,250,0,0,0,0,0,1030,0,450,0,0,80,0,0,0,0,0,0,0,500,0
11265082,Tamil Nadu,HR 73,URBAN,Jan-20,Dec-19,Could not be executed,Madurai,Non-Response,Data Not Available,HR 73_URBAN_VL,PSU_ID_4806,636.675943,636.675943,636.675943,1.23601,1.23601,1.23601,Data Not Available,Data Not Available,Data Not Available,Data Not Available,Data Not Available,-99,-99,-99,-99,-99,-99,-99,-99,-99,-99,-99,-99,-99,-99,-99,-99,-99,-99,-99,-99,-99,-99,-99,-99,-99,-99,-99,-99,-99,-99,-99,-99,-99,-99,-99,-99,-99,-99,-99,-99,-99,-99,-99,-99,-99,-99,-99,-99,-99,-99,-99,-99,-99,-99,-99,-99,-99,-99,-99,-99,-99,-99,-99,-99,-99,-99,-99,-99,-99,-99,-99,-99,-99,-99,-99,-99,-99,-99,-99,-99,-99,-99,-99,-99,-99,-99,-99,-99,-99,-99,-99,-99,-99,-99,-99,-99,-99,-99,-99,-99,-99,-99,-99,-99,-99,-99,-99,-99,-99,-99,-99,-99,-99,-99,-99,-99,-99,-99,-99,-99,-99,-99,-99,-99,-99,-99,-99,-99,-99,-99,-99,-99,-99,-99,-99,-99,-99,-99,-99,-99,-99,-99,-99,-99,-99,-99,-99,-99,-99,-99,-99,-99,-99,-99,-99,-99,-99,-99,-99,-99,-99,-99,-99,-99,-99,-99,-99,-99,-99,-99,-99,-99,-99,-99,-99,-99,-99,-99,-99,-99,-99,-99,-99
75291172,Uttar Pradesh,HR 24,URBAN,Apr-20,Dec-19,Household not found,Gautam Buddha Nagar,Non-Response,Data Not Available,HR 24_URBAN_L,PSU_ID_1331,1052.015806,1052.015806,1052.015806,2.971698,2.971698,2.971698,Data Not Available,Data Not Available,Data Not Available,Data Not Available,Data Not Available,-99,-99,-99,-99,-99,-99,-99,-99,-99,-99,-99,-99,-99,-99,-99,-99,-99,-99,-99,-99,-99,-99,-99,-99,-99,-99,-99,-99,-99,-99,-99,-99,-99,-99,-99,-99,-99,-99,-99,-99,-99,-99,-99,-99,-99,-99,-99,-99,-99,-99,-99,-99,-99,-99,-99,-99,-99,-99,-99,-99,-99,-99,-99,-99,-99,-99,-99,-99,-99,-99,-99,-99,-99,-99,-99,-99,-99,-99,-99,-99,-99,-99,-99,-99,-99,-99,-99,-99,-99,-99,-99,-99,-99,-99,-99,-99,-99,-99,-99,-99,-99,-99,-99,-99,-99,-99,-99,-99,-99,-99,-99,-99,-99,-99,-99,-99,-99,-99,-99,-99,-99,-99,-99,-99,-99,-99,-99,-99,-99,-99,-99,-99,-99,-99,-99,-99,-99,-99,-99,-99,-99,-99,-99,-99,-99,-99,-99,-99,-99,-99,-99,-99,-99,-99,-99,-99,-99,-99,-99,-99,-99,-99,-99,-99,-99,-99,-99,-99,-99,-99,-99,-99,-99,-99,-99,-99,-99,-99,-99,-99,-99,-99,-99
31091538,Jharkhand,HR 94,URBAN,Mar-20,Dec-19,Could not be executed,Hazaribagh,Non-Response,Data Not Available,HR 94_URBAN_M,PSU_ID_7118,555.760234,555.760234,555.760234,1.584158,1.584158,1.584158,Data Not Available,Data Not Available,Data Not Available,Data Not Available,Data Not Available,-99,-99,-99,-99,-99,-99,-99,-99,-99,-99,-99,-99,-99,-99,-99,-99,-99,-99,-99,-99,-99,-99,-99,-99,-99,-99,-99,-99,-99,-99,-99,-99,-99,-99,-99,-99,-99,-99,-99,-99,-99,-99,-99,-99,-99,-99,-99,-99,-99,-99,-99,-99,-99,-99,-99,-99,-99,-99,-99,-99,-99,-99,-99,-99,-99,-99,-99,-99,-99,-99,-99,-99,-99,-99,-99,-99,-99,-99,-99,-99,-99,-99,-99,-99,-99,-99,-99,-99,-99,-99,-99,-99,-99,-99,-99,-99,-99,-99,-99,-99,-99,-99,-99,-99,-99,-99,-99,-99,-99,-99,-99,-99,-99,-99,-99,-99,-99,-99,-99,-99,-99,-99,-99,-99,-99,-99,-99,-99,-99,-99,-99,-99,-99,-99,-99,-99,-99,-99,-99,-99,-99,-99,-99,-99,-99,-99,-99,-99,-99,-99,-99,-99,-99,-99,-99,-99,-99,-99,-99,-99,-99,-99,-99,-99,-99,-99,-99,-99,-99,-99,-99,-99,-99,-99,-99,-99,-99,-99,-99,-99,-99,-99,-99
31059876,Madhya Pradesh,HR 53,RURAL,Mar-20,Dec-19,No Failure,Sagar,Accepted,N,HR 53_RURAL_R,PSU_ID_12915,4501.171471,4501.171471,4501.171471,1.472924,1.472924,1.472924,Other households of the Young,Wage Labourers,Households of all literates,Male Majority,5 Members,12689,13082,5480,5748,1500,1000,200,300,300,342,0,50,800,556,50,88,0,100,133,1550,1488,1500,1400,50,88,0,0,80,182,50,109,90,200,80,80,0,0,0,0,0,0,0,0,0,480,670,400,533,80,137,100,50,0,200,0,0,0,0,0,0,1580,1551,1080,1051,0,0,80,142,1000,909,500,850,800,0,50,50,0,0,410,40,40,0,0,50,160,0,0,40,30,0,0,40,50,0,110,60,50,50,0,0,0,0,0,200,290,100,145,0,0,0,0,0,0,0,0,0,0,2119,2228,819,1200,1309,1200,1309,0,0,100,1000,1000,200,800,0,0,0,0,0,700,0,550,150,0,0,0,0,0,0,0,0,0,0,0,0,0,400,50,0,0,0,0,0,50,0,300,0,0,0,0,0,50,0,0,0,0,50,0,0,0,0,0,0,0,0,0
85857723,Tamil Nadu,HR 74,RURAL,Feb-20,Dec-19,No Failure,Dharmapuri,Accepted,N,HR 74_RURAL_R,PSU_ID_10210,3371.896464,3371.896464,3371.896464,3.305164,3.305164,3.305164,Balanced households with no Seniors,Small/Marginal Farmers,Households of all literates,Balanced,4 Members,10915,9438,5838,4839,1628,950,380,298,300,208,0,270,680,426,150,94,0,100,224,640,445,520,364,120,81,0,0,80,98,0,0,300,218,0,0,0,0,0,0,0,0,0,0,0,1200,738,1000,516,200,222,0,30,0,80,380,760,80,80,0,0,0,0,0,0,0,0,0,0,0,0,0,400,0,320,80,80,0,0,447,30,30,0,0,90,210,0,35,75,20,10,0,70,0,0,117,42,75,0,0,0,0,0,0,760,500,380,250,0,0,0,0,0,450,0,100,0,350,2155,1733,880,1000,578,1000,578,0,0,275,330,404,180,0,150,224,0,0,0,235,0,0,235,0,0,150,0,0,150,0,0,0,0,0,0,0,350,0,0,0,0,0,0,0,0,350,0,0,0,0,0,180,0,0,0,0,180,0,0,0,0,0,0,0,0,0
16979397,Karnataka,HR 59,URBAN,Jan-20,Dec-19,No Failure,Hassan,Accepted,N,HR 59_URBAN_S,PSU_ID_3500,1441.187031,1441.187031,1441.187031,1.025641,1.025641,1.025641,Grown-up - dominant,Self-employed Entrepreneurs,All Matriculates household,Male Majority,3 Members,12820,15925,4660,7083,1600,700,500,400,400,1317,120,130,600,1215,120,460,100,150,415,720,733,600,600,120,133,155,155,60,60,45,155,70,233,0,0,0,0,0,0,0,0,0,0,150,0,0,0,0,0,0,0,0,30,120,90,180,90,90,0,0,300,505,300,505,300,505,0,0,0,0,0,0,0,0,0,0,0,0,490,40,40,0,0,50,210,0,45,70,45,0,0,50,0,0,190,100,90,0,0,0,0,0,0,800,1740,400,870,0,300,0,0,300,200,0,200,0,0,2100,2107,850,900,907,900,907,0,0,350,540,540,120,300,120,120,0,0,0,400,0,0,400,0,0,800,0,0,200,0,0,600,0,0,0,0,730,350,200,0,0,0,0,0,0,180,1500,0,0,0,1500,400,0,0,0,400,0,0,0,0,0,0,0,0,0,0
32725452,Telangana,HR 67,URBAN,Mar-20,Dec-19,No Failure,Nalgonda,Accepted,N,HR 67_URBAN_S,PSU_ID_3997,958.458345,958.458345,958.458345,1.099656,1.099656,1.099656,Balanced households with no Seniors,Small/Marginal Farmers,Matriculates majority household,Balanced,4 Members,13832,12959,5050,4573,1540,1240,110,190,370,328,0,50,630,607,80,112,0,150,126,860,565,830,463,30,102,0,0,50,88,50,106,90,127,170,170,0,0,0,0,0,0,0,0,0,750,494,590,374,160,120,0,30,0,110,120,240,70,70,0,0,740,680,180,120,180,120,0,0,0,0,560,450,0,450,0,0,0,0,352,30,30,0,0,60,150,0,50,30,20,0,0,50,0,0,110,50,60,2,0,0,0,0,0,400,380,200,190,0,350,0,350,0,100,0,100,0,0,1950,1681,850,830,561,830,561,0,0,270,390,333,220,0,170,113,0,0,0,530,0,360,170,0,0,2100,900,0,0,900,0,0,300,0,0,0,320,130,0,0,0,0,0,30,0,160,0,0,0,0,0,1300,180,350,0,0,0,0,0,0,500,0,0,0,270,0
40152368,Gujarat,HR 34,URBAN,Jan-20,Dec-19,No Failure,Ahmadabad,Accepted,N,HR 34_URBAN_VL,PSU_ID_2007,2861.900807,2861.900807,2861.900807,1.242718,1.242718,1.242718,Grown-up - dominant,Self-employed Entrepreneurs,All Matriculates household,Balanced,2 Members,13680,13480,5950,5750,1750,1300,200,250,500,500,0,250,1250,1000,150,200,0,250,200,1150,1200,1000,1000,150,200,0,0,0,0,0,0,0,0,0,0,0,0,0,0,0,0,0,0,0,0,0,0,0,0,0,100,200,0,350,0,0,0,0,0,0,0,0,0,0,0,0,0,0,0,0,0,500,500,0,0,0,0,0,480,40,40,0,0,60,90,0,20,50,20,0,0,0,0,0,190,150,40,50,50,0,0,0,0,500,400,250,200,0,0,0,0,0,0,0,0,0,0,4950,5000,0,3750,3800,1250,1400,2500,2400,1200,800,800,200,250,0,0,0,150,200,500,0,200,300,0,0,0,0,0,0,0,0,0,0,0,0,0,250,150,0,0,0,0,0,0,0,100,0,0,0,0,0,0,0,0,0,0,0,0,0,0,0,0,0,0,0,0
33398084,Karnataka,HR 61,RURAL,Jan-20,Dec-19,No Failure,Belgaum,Accepted,N,HR 61_RURAL_R,PSU_ID_9792,2672.436118,2672.436118,2672.436118,2.766102,2.766102,2.766102,Grown-up - dominant,Organised Farmers,Households of all literates,Male Majority,3 Members,8933,12710,4750,8155,1225,600,325,300,235,909,120,90,255,721,120,487,130,235,578,835,1066,635,732,200,334,90,275,65,248,80,209,90,140,0,0,0,160,320,160,160,0,0,90,0,365,1142,245,729,120,413,0,90,25,225,225,450,225,225,0,0,230,240,230,240,0,0,0,0,230,240,0,0,0,0,0,0,0,0,440,90,30,0,60,80,270,0,65,90,30,0,0,55,30,0,0,0,0,0,0,0,0,0,0,0,0,0,0,0,0,0,0,0,120,0,120,0,0,1753,1818,780,700,765,450,515,250,250,273,720,1017,600,0,120,417,0,0,0,230,0,0,230,0,0,0,0,0,0,0,0,0,0,0,0,0,450,225,0,0,0,0,0,0,0,225,0,0,0,0,0,240,0,0,0,0,0,0,0,0,240,0,0,0,0,0
80828352,Goa,HR 49,URBAN,Feb-20,Dec-19,No Failure,North Goa,Accepted,N,HR 49_URBAN_S,PSU_ID_2892,629.723865,629.723865,629.723865,1.306122,1.306122,1.306122,Grown-up - dominant,Support Staff,Households of all literates,Female Majority,3 Members,17360,20348,7260,9952,1390,700,400,290,550,2600,220,200,350,545,300,355,150,450,778,950,653,800,360,150,293,200,266,60,120,90,200,130,170,60,60,0,260,716,60,174,200,282,80,0,1320,1173,1020,773,300,400,0,150,60,150,140,316,60,96,0,0,0,0,0,0,0,0,0,0,0,0,0,900,600,300,0,0,0,0,1080,100,100,0,0,60,560,0,30,100,30,0,80,100,0,220,360,60,300,0,0,600,0,0,600,1000,1332,500,666,0,0,0,0,0,200,0,200,0,0,2470,2550,670,1200,1280,1200,1280,0,0,600,150,200,0,0,150,200,0,0,0,800,0,400,300,0,100,1800,0,0,200,0,1000,600,0,0,0,0,800,300,100,0,0,0,0,100,0,300,0,0,0,0,0,800,0,0,0,0,0,0,0,0,500,0,0,0,300,0
69999275,Uttar Pradesh,HR 28,URBAN,Feb-20,Dec-19,No Failure,Balrampur,Accepted,N,HR 28_URBAN_S,PSU_ID_1612,543.96258,543.96258,543.96258,1.059603,1.059603,1.059603,Grown-up - dominant,Non-industrial Technical Employees,Graduates minority household,Male Majority,5 Members,10571,13012,6775,9325,1045,650,180,215,285,390,175,175,695,1283,180,441,220,380,1236,2120,2193,1900,1800,220,393,180,365,85,194,65,203,50,164,0,0,0,80,281,80,201,0,0,0,0,800,800,675,675,125,125,0,60,0,180,0,0,0,0,0,0,0,0,0,0,0,0,0,0,0,0,0,0,0,0,0,0,0,0,610,70,70,0,0,85,295,0,0,45,35,0,85,80,50,0,160,75,85,0,0,0,0,0,0,550,550,275,275,0,0,0,0,0,0,0,0,0,0,2270,2161,750,1150,1041,1150,1041,0,0,370,150,150,0,0,150,150,0,0,0,330,0,130,200,0,0,0,0,0,0,0,0,0,0,0,0,0,50,0,0,0,0,0,0,0,0,50,0,0,0,0,0,111,0,0,0,0,111,0,0,0,0,0,0,0,0,0
30560778,Jammu & Kashmir,HR 1,URBAN,Apr-20,Dec-19,Could not be executed,Anantnag,Non-Response,Data Not Available,HR 1_URBAN_S,PSU_ID_2,675.146522,675.146522,675.146522,0,0,0,Data Not Available,Data Not Available,Data Not Available,Data Not Available,Data Not Available,-99,-99,-99,-99,-99,-99,-99,-99,-99,-99,-99,-99,-99,-99,-99,-99,-99,-99,-99,-99,-99,-99,-99,-99,-99,-99,-99,-99,-99,-99,-99,-99,-99,-99,-99,-99,-99,-99,-99,-99,-99,-99,-99,-99,-99,-99,-99,-99,-99,-99,-99,-99,-99,-99,-99,-99,-99,-99,-99,-99,-99,-99,-99,-99,-99,-99,-99,-99,-99,-99,-99,-99,-99,-99,-99,-99,-99,-99,-99,-99,-99,-99,-99,-99,-99,-99,-99,-99,-99,-99,-99,-99,-99,-99,-99,-99,-99,-99,-99,-99,-99,-99,-99,-99,-99,-99,-99,-99,-99,-99,-99,-99,-99,-99,-99,-99,-99,-99,-99,-99,-99,-99,-99,-99,-99,-99,-99,-99,-99,-99,-99,-99,-99,-99,-99,-99,-99,-99,-99,-99,-99,-99,-99,-99,-99,-99,-99,-99,-99,-99,-99,-99,-99,-99,-99,-99,-99,-99,-99,-99,-99,-99,-99,-99,-99,-99,-99,-99,-99,-99,-99,-99,-99,-99,-99,-99,-99,-99,-99,-99,-99,-99,-99
19196804,Bihar,HR 92,RURAL,Apr-20,Dec-19,Could not be executed,Samastipur,Non-Response,Data Not Available,HR 92_RURAL_R,PSU_ID_10776,5287.222251,5287.222251,5287.222251,1.889447,1.889447,1.889447,Data Not Available,Data Not Available,Data Not Available,Data Not Available,Data Not Available,-99,-99,-99,-99,-99,-99,-99,-99,-99,-99,-99,-99,-99,-99,-99,-99,-99,-99,-99,-99,-99,-99,-99,-99,-99,-99,-99,-99,-99,-99,-99,-99,-99,-99,-99,-99,-99,-99,-99,-99,-99,-99,-99,-99,-99,-99,-99,-99,-99,-99,-99,-99,-99,-99,-99,-99,-99,-99,-99,-99,-99,-99,-99,-99,-99,-99,-99,-99,-99,-99,-99,-99,-99,-99,-99,-99,-99,-99,-99,-99,-99,-99,-99,-99,-99,-99,-99,-99,-99,-99,-99,-99,-99,-99,-99,-99,-99,-99,-99,-99,-99,-99,-99,-99,-99,-99,-99,-99,-99,-99,-99,-99,-99,-99,-99,-99,-99,-99,-99,-99,-99,-99,-99,-99,-99,-99,-99,-99,-99,-99,-99,-99,-99,-99,-99,-99,-99,-99,-99,-99,-99,-99,-99,-99,-99,-99,-99,-99,-99,-99,-99,-99,-99,-99,-99,-99,-99,-99,-99,-99,-99,-99,-99,-99,-99,-99,-99,-99,-99,-99,-99,-99,-99,-99,-99,-99,-99,-99,-99,-99,-99,-99,-99
64704492,Maharashtra,HR 44,RURAL,Apr-20,Dec-19,No Failure,Akola,Accepted,N,HR 44_RURAL_R,PSU_ID_11653,1775.413965,1775.413965,1775.413965,1.303514,1.303514,1.303514,Children - dominant,Organised Farmers,Households of all literates,Female Majority,5 Members,7634,7553,3800,3719,1150,650,150,350,400,400,0,150,450,371,80,220,0,400,256,100,100,100,100,0,0,0,0,0,0,60,60,0,0,0,0,0,50,100,50,50,0,0,0,0,650,652,500,500,150,152,0,110,0,200,0,0,0,0,0,0,0,0,0,0,0,0,0,0,0,0,0,0,0,0,0,0,0,0,320,0,0,0,0,120,50,0,0,0,0,0,0,50,0,0,150,100,50,0,0,0,0,0,0,400,400,200,200,0,0,0,0,0,150,0,150,0,0,750,750,630,0,0,0,0,0,0,120,1654,1654,1504,0,150,150,0,0,0,450,0,200,250,0,0,0,0,0,0,0,0,0,0,0,0,0,210,50,0,0,0,0,0,60,0,100,0,0,0,0,0,100,0,0,0,0,0,0,0,0,0,0,0,0,100,0
87690848,Rajasthan,HR 15,RURAL,Jan-20,Dec-19,No Failure,Udaipur,Accepted,N,HR 15_RURAL_R,PSU_ID_8383,3255.868243,3255.868243,3255.868243,1.333333,1.333333,1.333333,Grown-up - dominant,Organised Farmers,Households of all literates,Male Majority,3 Members,12605,15300,5910,7620,1580,1200,220,160,450,421,450,120,300,567,190,422,50,160,333,1300,1273,1300,1273,0,0,60,160,0,0,90,288,190,380,0,0,0,120,294,120,174,0,0,0,0,500,1052,400,739,100,313,0,200,0,150,0,0,0,0,0,0,700,1437,700,1437,0,0,300,680,400,757,0,530,0,400,130,30,100,0,640,90,90,0,0,60,430,0,60,60,30,60,40,90,90,0,60,60,0,0,0,199,0,0,199,0,0,0,0,0,0,0,0,0,0,0,0,0,0,2000,2248,900,900,1148,900,1148,0,0,200,140,140,140,0,0,0,0,0,0,200,0,0,200,0,0,888,458,0,430,0,0,0,0,0,0,0,0,0,0,0,0,0,0,0,0,0,0,0,0,0,0,1398,0,0,0,500,0,0,0,0,60,0,0,0,238,600
54334651,Uttar Pradesh,HR 31,RURAL,Feb-20,Dec-19,No Failure,Sonbhadra,Accepted,N,HR 31_RURAL_R,PSU_ID_11680,5236.312821,5236.312821,5236.312821,1.153153,1.153153,1.153153,Others households of Grown-ups,Small/Marginal Farmers,Households of all literates,Balanced,2 Members,2504,2744,1415,1604,170,0,90,80,100,181,90,40,200,284,0,0,0,0,0,500,444,500,444,0,0,0,0,0,0,30,68,60,65,0,0,0,0,0,0,0,0,0,0,0,150,187,80,80,70,107,0,15,0,60,0,0,0,0,0,0,75,126,75,126,0,0,30,51,45,75,0,30,0,0,30,30,0,0,275,0,0,0,0,30,155,0,30,30,0,0,70,0,25,0,90,40,50,0,0,0,0,0,0,0,0,0,0,0,0,0,0,0,0,0,0,0,0,200,200,200,0,0,0,0,0,0,0,60,60,60,0,0,0,0,0,0,199,0,199,0,0,0,0,0,0,0,0,0,0,0,0,0,0,120,60,0,0,0,0,0,0,0,60,0,0,0,0,0,130,0,0,0,100,30,0,0,0,0,0,0,0,0,0
19767334,Puducherry,HR 75,RURAL,Mar-20,Dec-19,No Failure,Puducherry,Accepted,N,HR 75_RURAL_R,PSU_ID_10247,300.725405,300.725405,300.725405,1.218673,1.218673,1.218673,Balanced households with no Seniors,Industrial Workers,Matriculates majority household,Male Dominated,4 Members,9375,9266,4815,4933,1360,810,310,240,240,313,0,60,280,269,85,103,0,160,268,810,762,810,762,0,0,0,0,60,102,25,66,50,74,0,0,0,0,0,0,0,0,0,0,160,905,851,820,769,85,82,310,85,0,65,160,245,160,85,0,0,580,580,80,80,80,80,0,0,0,0,500,250,0,250,0,0,0,0,440,85,60,0,25,90,160,0,0,55,25,0,0,80,0,0,105,80,25,0,0,0,0,0,0,1040,490,520,245,0,0,0,0,0,150,0,150,0,0,320,320,0,0,0,0,0,0,0,320,475,523,85,160,230,278,0,0,0,500,0,300,200,0,0,0,0,0,0,0,0,0,0,0,0,0,915,550,0,0,0,0,0,85,0,280,0,0,0,0,0,410,0,0,0,100,0,0,0,0,0,0,0,0,310,0
33407753,Haryana,HR 10,RURAL,Feb-20,Dec-19,No Failure,Karnal,Accepted,N,HR 10_RURAL_R,PSU_ID_8242,2175.462116,2175.462116,2175.462116,1.339901,1.339901,1.339901,Grown-up - dominant,Organised Farmers,Households of all literates,Balanced,2 Members,12535,13982,4270,5961,670,200,320,150,130,130,0,100,300,662,100,380,200,150,320,1890,2113,1800,1800,90,313,0,0,100,210,90,258,80,153,0,0,0,0,0,0,0,0,0,0,0,100,405,0,0,100,405,0,130,0,230,0,0,0,0,0,0,480,480,0,0,0,0,0,0,0,0,480,930,850,0,80,80,0,0,655,85,70,0,15,120,205,0,0,0,0,50,0,70,85,0,245,100,145,0,0,0,0,0,0,600,1370,300,685,0,0,0,0,0,0,0,0,0,0,4050,3337,700,3350,2637,2500,2000,850,637,0,300,384,0,0,300,384,0,0,0,480,0,250,230,0,0,0,0,0,0,0,0,0,0,0,0,0,170,0,0,0,0,0,0,70,0,100,0,0,0,0,0,900,0,0,0,500,0,0,0,0,0,0,0,0,0,400
81238624,West Bengal,HR 83,URBAN,Jan-20,Dec-19,No Failure,Paschim Medinipur,Accepted,N,HR 83_URBAN_M,PSU_ID_6152,325.843301,325.843301,325.843301,1.508046,1.508046,1.508046,Grown-up - dominant,Non-industrial Technical Employees,Households of some literates,Female Majority,5 Members,8450,8245,5310,5176,1380,950,280,150,380,364,0,210,850,793,120,192,0,380,355,250,272,200,200,50,72,80,77,0,0,120,125,80,75,0,0,0,80,120,80,40,0,0,0,0,1130,1043,920,839,210,204,0,50,0,80,0,0,0,0,0,120,260,269,260,269,0,0,180,194,80,75,0,30,0,0,30,30,0,0,440,80,80,0,0,80,100,0,0,50,20,0,30,0,0,0,100,20,80,0,80,0,0,0,0,300,150,150,75,0,0,0,0,0,0,0,0,0,0,660,660,380,0,0,0,0,0,0,280,200,195,120,0,80,75,0,0,0,330,0,150,180,0,0,440,0,0,40,0,400,0,0,0,0,0,430,350,0,0,0,0,0,0,0,80,0,0,0,0,0,200,0,0,0,0,50,0,0,0,0,0,0,0,150,0
45819273,Punjab,HR 7,RURAL,Feb-20,Dec-19,No Failure,Bathinda,Accepted,N,HR 7_RURAL_R,PSU_ID_12050,1632.648719,1632.648719,1632.648719,1.703422,1.703422,1.703422,Balanced households with no Seniors,Organised Farmers,Matriculates majority household,Balanced,4 Members,28795,29188,7250,7422,970,220,550,200,230,235,400,220,930,948,320,289,150,350,357,2320,2426,2000,2070,320,356,0,0,110,110,100,123,110,110,0,0,0,0,0,0,0,0,0,0,0,580,624,400,384,180,240,0,160,0,300,0,0,0,0,0,0,1400,1400,0,0,0,0,0,0,0,0,1400,3500,3500,0,0,0,0,0,1055,75,40,0,35,230,250,0,0,110,60,0,0,0,80,0,270,130,140,230,0,1200,1200,0,0,1000,1634,500,817,0,0,0,0,0,0,0,0,0,0,2930,2834,930,2000,1904,2000,1904,0,0,0,650,650,200,450,0,0,0,0,0,580,0,280,300,0,0,5180,0,0,180,5000,0,0,0,0,0,0,400,0,0,0,0,0,0,0,0,400,0,0,0,0,0,4150,0,1000,0,0,250,0,0,0,0,0,0,0,1400,1500
84139180,Jharkhand,HR 94,URBAN,Feb-20,Dec-19,No Failure,Purbi Singhbhum,Accepted,N,HR 94_URBAN_L,PSU_ID_7123,857.017358,857.017358,857.017358,1.037037,1.037037,1.037037,Grown-up - dominant,Industrial Workers,Matriculates majority household,Balanced,4 Members,22809,20857,8410,7815,1760,780,690,290,380,353,270,180,390,410,340,204,500,370,470,1500,951,1270,800,230,151,220,148,160,135,170,123,150,137,220,220,0,160,304,160,144,0,0,50,470,610,780,450,640,160,140,50,100,90,270,0,0,0,0,0,0,960,751,510,301,240,137,0,0,270,164,450,820,0,600,220,220,0,0,1490,80,80,0,0,180,1080,160,50,150,70,70,220,160,200,0,150,0,150,0,0,800,600,0,200,920,414,460,207,0,300,250,50,0,0,0,0,0,0,3150,2250,860,1700,800,1700,800,0,0,590,170,175,0,0,170,175,0,0,0,649,0,149,200,0,300,770,0,0,170,0,600,0,0,0,0,0,400,180,0,0,0,0,0,0,0,220,0,0,0,0,0,4430,2000,0,0,0,0,0,0,0,180,0,1200,600,450,0
15373031,Karnataka,HR 58,URBAN,Apr-20,Dec-19,Could not be executed,Bangalore,Non-Response,Data Not Available,HR 58_URBAN_VL,PSU_ID_3450,2554.50626,2554.50626,2554.50626,2.149909,2.149909,2.149909,Data Not Available,Data Not Available,Data Not Available,Data Not Available,Data Not Available,-99,-99,-99,-99,-99,-99,-99,-99,-99,-99,-99,-99,-99,-99,-99,-99,-99,-99,-99,-99,-99,-99,-99,-99,-99,-99,-99,-99,-99,-99,-99,-99,-99,-99,-99,-99,-99,-99,-99,-99,-99,-99,-99,-99,-99,-99,-99,-99,-99,-99,-99,-99,-99,-99,-99,-99,-99,-99,-99,-99,-99,-99,-99,-99,-99,-99,-99,-99,-99,-99,-99,-99,-99,-99,-99,-99,-99,-99,-99,-99,-99,-99,-99,-99,-99,-99,-99,-99,-99,-99,-99,-99,-99,-99,-99,-99,-99,-99,-99,-99,-99,-99,-99,-99,-99,-99,-99,-99,-99,-99,-99,-99,-99,-99,-99,-99,-99,-99,-99,-99,-99,-99,-99,-99,-99,-99,-99,-99,-99,-99,-99,-99,-99,-99,-99,-99,-99,-99,-99,-99,-99,-99,-99,-99,-99,-99,-99,-99,-99,-99,-99,-99,-99,-99,-99,-99,-99,-99,-99,-99,-99,-99,-99,-99,-99,-99,-99,-99,-99,-99,-99,-99,-99,-99,-99,-99,-99,-99,-99,-99,-99,-99,-99
47314700,Maharashtra,HR 44,RURAL,Apr-20,Dec-19,Household not found,Akola,Non-Response,Data Not Available,HR 44_RURAL_R,PSU_ID_11655,1775.413965,1775.413965,1775.413965,1.303514,1.303514,1.303514,Data Not Available,Data Not Available,Data Not Available,Data Not Available,Data Not Available,-99,-99,-99,-99,-99,-99,-99,-99,-99,-99,-99,-99,-99,-99,-99,-99,-99,-99,-99,-99,-99,-99,-99,-99,-99,-99,-99,-99,-99,-99,-99,-99,-99,-99,-99,-99,-99,-99,-99,-99,-99,-99,-99,-99,-99,-99,-99,-99,-99,-99,-99,-99,-99,-99,-99,-99,-99,-99,-99,-99,-99,-99,-99,-99,-99,-99,-99,-99,-99,-99,-99,-99,-99,-99,-99,-99,-99,-99,-99,-99,-99,-99,-99,-99,-99,-99,-99,-99,-99,-99,-99,-99,-99,-99,-99,-99,-99,-99,-99,-99,-99,-99,-99,-99,-99,-99,-99,-99,-99,-99,-99,-99,-99,-99,-99,-99,-99,-99,-99,-99,-99,-99,-99,-99,-99,-99,-99,-99,-99,-99,-99,-99,-99,-99,-99,-99,-99,-99,-99,-99,-99,-99,-99,-99,-99,-99,-99,-99,-99,-99,-99,-99,-99,-99,-99,-99,-99,-99,-99,-99,-99,-99,-99,-99,-99,-99,-99,-99,-99,-99,-99,-99,-99,-99,-99,-99,-99,-99,-99,-99,-99,-99,-99
88579971,Bihar,HR 90,RURAL,Apr-20,Dec-19,Could not be executed,Sitamarhi,Non-Response,Data Not Available,HR 90_RURAL_R,PSU_ID_11866,6389.307572,6389.307572,6389.307572,1.984169,1.984169,1.984169,Data Not Available,Data Not Available,Data Not Available,Data Not Available,Data Not Available,-99,-99,-99,-99,-99,-99,-99,-99,-99,-99,-99,-99,-99,-99,-99,-99,-99,-99,-99,-99,-99,-99,-99,-99,-99,-99,-99,-99,-99,-99,-99,-99,-99,-99,-99,-99,-99,-99,-99,-99,-99,-99,-99,-99,-99,-99,-99,-99,-99,-99,-99,-99,-99,-99,-99,-99,-99,-99,-99,-99,-99,-99,-99,-99,-99,-99,-99,-99,-99,-99,-99,-99,-99,-99,-99,-99,-99,-99,-99,-99,-99,-99,-99,-99,-99,-99,-99,-99,-99,-99,-99,-99,-99,-99,-99,-99,-99,-99,-99,-99,-99,-99,-99,-99,-99,-99,-99,-99,-99,-99,-99,-99,-99,-99,-99,-99,-99,-99,-99,-99,-99,-99,-99,-99,-99,-99,-99,-99,-99,-99,-99,-99,-99,-99,-99,-99,-99,-99,-99,-99,-99,-99,-99,-99,-99,-99,-99,-99,-99,-99,-99,-99,-99,-99,-99,-99,-99,-99,-99,-99,-99,-99,-99,-99,-99,-99,-99,-99,-99,-99,-99,-99,-99,-99,-99,-99,-99,-99,-99,-99,-99,-99,-99
78786410,Haryana,HR 10,RURAL,Jan-20,Dec-19,Locked,Yamunanagar,Non-Response,Data Not Available,HR 10_RURAL_R,PSU_ID_8227,2175.462116,2175.462116,2175.462116,1.339901,1.339901,1.339901,Data Not Available,Data Not Available,Data Not Available,Data Not Available,Data Not Available,-99,-99,-99,-99,-99,-99,-99,-99,-99,-99,-99,-99,-99,-99,-99,-99,-99,-99,-99,-99,-99,-99,-99,-99,-99,-99,-99,-99,-99,-99,-99,-99,-99,-99,-99,-99,-99,-99,-99,-99,-99,-99,-99,-99,-99,-99,-99,-99,-99,-99,-99,-99,-99,-99,-99,-99,-99,-99,-99,-99,-99,-99,-99,-99,-99,-99,-99,-99,-99,-99,-99,-99,-99,-99,-99,-99,-99,-99,-99,-99,-99,-99,-99,-99,-99,-99,-99,-99,-99,-99,-99,-99,-99,-99,-99,-99,-99,-99,-99,-99,-99,-99,-99,-99,-99,-99,-99,-99,-99,-99,-99,-99,-99,-99,-99,-99,-99,-99,-99,-99,-99,-99,-99,-99,-99,-99,-99,-99,-99,-99,-99,-99,-99,-99,-99,-99,-99,-99,-99,-99,-99,-99,-99,-99,-99,-99,-99,-99,-99,-99,-99,-99,-99,-99,-99,-99,-99,-99,-99,-99,-99,-99,-99,-99,-99,-99,-99,-99,-99,-99,-99,-99,-99,-99,-99,-99,-99,-99,-99,-99,-99,-99,-99
15002904,Jammu & Kashmir,HR 1,URBAN,Feb-20,Dec-19,Could not be executed,Srinagar,Non-Response,Data Not Available,HR 1_URBAN_L,PSU_ID_1,729.077487,729.077487,729.077487,5.223881,5.223881,5.223881,Data Not Available,Data Not Available,Data Not Available,Data Not Available,Data Not Available,-99,-99,-99,-99,-99,-99,-99,-99,-99,-99,-99,-99,-99,-99,-99,-99,-99,-99,-99,-99,-99,-99,-99,-99,-99,-99,-99,-99,-99,-99,-99,-99,-99,-99,-99,-99,-99,-99,-99,-99,-99,-99,-99,-99,-99,-99,-99,-99,-99,-99,-99,-99,-99,-99,-99,-99,-99,-99,-99,-99,-99,-99,-99,-99,-99,-99,-99,-99,-99,-99,-99,-99,-99,-99,-99,-99,-99,-99,-99,-99,-99,-99,-99,-99,-99,-99,-99,-99,-99,-99,-99,-99,-99,-99,-99,-99,-99,-99,-99,-99,-99,-99,-99,-99,-99,-99,-99,-99,-99,-99,-99,-99,-99,-99,-99,-99,-99,-99,-99,-99,-99,-99,-99,-99,-99,-99,-99,-99,-99,-99,-99,-99,-99,-99,-99,-99,-99,-99,-99,-99,-99,-99,-99,-99,-99,-99,-99,-99,-99,-99,-99,-99,-99,-99,-99,-99,-99,-99,-99,-99,-99,-99,-99,-99,-99,-99,-99,-99,-99,-99,-99,-99,-99,-99,-99,-99,-99,-99,-99,-99,-99,-99,-99
14543681,Tamil Nadu,HR 70,URBAN,Feb-20,Dec-19,No Failure,Chennai,Accepted,N,HR 70_URBAN_VL,PSU_ID_4163,1827.983009,1827.983009,1827.983009,1.374771,1.374771,1.374771,Grown-up - dominant,Self-employed Entrepreneurs,Households of all literates,Balanced,2 Members,10930,13902,4175,5913,340,0,180,160,175,268,60,100,350,636,100,340,0,210,497,450,846,350,705,100,141,50,61,60,130,80,228,100,160,0,0,0,130,410,80,120,50,160,35,0,1250,981,1200,872,50,109,100,50,0,60,375,1016,300,566,0,100,2100,2612,600,1112,270,561,180,311,150,240,1500,1200,1200,0,0,0,0,0,685,90,60,0,30,60,200,0,40,60,40,0,0,60,0,0,110,60,50,75,150,0,0,0,0,200,800,100,400,0,0,0,0,0,0,0,0,0,0,1350,1497,0,1350,1497,1350,1497,0,0,0,440,715,160,200,80,355,0,0,0,200,0,0,200,0,0,0,0,0,0,0,0,0,0,0,0,0,100,0,0,0,0,0,0,0,0,100,0,0,0,0,0,580,0,0,0,500,0,0,0,0,0,0,0,0,0,80
24370852,Tripura,HR 109,RURAL,Feb-20,Dec-19,No Failure,North Tripura,Accepted,N,HR 109_RURAL_R,PSU_ID_12846,1640.730818,1640.730818,1640.730818,1.247312,1.247312,1.247312,Seniors - dominant,Wage Labourers,Matriculates majority household,Balanced,2 Members,9140,9264,4920,5069,1060,820,180,60,300,287,0,80,1160,1124,100,139,0,180,218,150,155,150,155,0,0,130,124,20,32,50,72,90,185,20,20,0,0,0,0,0,0,0,0,0,1390,1383,1330,1310,60,73,0,60,0,70,0,0,0,0,0,60,200,189,200,189,0,0,0,0,200,189,0,0,0,0,0,0,0,0,210,20,20,0,0,30,90,0,0,50,10,0,0,0,30,0,70,20,50,0,0,0,0,0,0,220,120,110,60,0,0,0,0,0,0,0,0,0,0,760,760,530,0,0,0,0,0,0,230,450,486,150,0,300,336,0,0,0,120,0,120,0,0,0,0,0,0,0,0,0,0,0,0,0,0,1750,1200,200,300,0,0,0,0,0,50,0,0,0,0,0,620,0,0,0,0,160,0,0,0,0,0,0,0,250,210
15777357,Chhattisgarh,HR 103,RURAL,Jan-20,Dec-19,No Failure,Dhamtari,Accepted,N,HR 103_RURAL_R,PSU_ID_11190,2017.232174,2017.232174,2017.232174,1.478548,1.478548,1.478548,Balanced households with no Seniors,Entrepreneurs,Households of all literates,Balanced,4 Members,8428,8564,4441,4386,1170,850,130,190,420,341,0,130,980,686,130,120,45,175,337,265,309,200,200,65,109,80,126,30,33,30,38,45,55,35,35,0,30,67,30,37,0,0,0,0,516,564,420,410,96,154,65,25,0,160,45,90,0,0,0,65,405,440,405,440,0,0,185,228,220,212,0,35,0,0,35,35,0,0,355,50,30,0,20,25,195,0,16,30,16,35,35,28,35,0,85,15,70,0,0,160,160,0,0,0,0,0,0,0,150,0,150,0,90,0,90,0,0,1225,1339,0,980,1094,980,1094,0,0,245,85,127,0,50,35,77,0,0,0,480,0,300,180,0,0,492,0,0,32,460,0,0,0,0,0,0,330,35,0,0,0,0,0,85,0,210,0,0,0,0,0,180,0,0,0,0,0,0,0,0,0,0,0,130,50,0
44672149,Kerala,HR 76,URBAN,Mar-20,Dec-19,Refused,Thiruvananthapuram,Non-Response,Data Not Available,HR 76_URBAN_L,PSU_ID_5271,440.58509,440.58509,440.58509,1.079365,1.079365,1.079365,Data Not Available,Data Not Available,Data Not Available,Data Not Available,Data Not Available,-99,-99,-99,-99,-99,-99,-99,-99,-99,-99,-99,-99,-99,-99,-99,-99,-99,-99,-99,-99,-99,-99,-99,-99,-99,-99,-99,-99,-99,-99,-99,-99,-99,-99,-99,-99,-99,-99,-99,-99,-99,-99,-99,-99,-99,-99,-99,-99,-99,-99,-99,-99,-99,-99,-99,-99,-99,-99,-99,-99,-99,-99,-99,-99,-99,-99,-99,-99,-99,-99,-99,-99,-99,-99,-99,-99,-99,-99,-99,-99,-99,-99,-99,-99,-99,-99,-99,-99,-99,-99,-99,-99,-99,-99,-99,-99,-99,-99,-99,-99,-99,-99,-99,-99,-99,-99,-99,-99,-99,-99,-99,-99,-99,-99,-99,-99,-99,-99,-99,-99,-99,-99,-99,-99,-99,-99,-99,-99,-99,-99,-99,-99,-99,-99,-99,-99,-99,-99,-99,-99,-99,-99,-99,-99,-99,-99,-99,-99,-99,-99,-99,-99,-99,-99,-99,-99,-99,-99,-99,-99,-99,-99,-99,-99,-99,-99,-99,-99,-99,-99,-99,-99,-99,-99,-99,-99,-99,-99,-99,-99,-99,-99,-99
72273633,West Bengal,HR 82,RURAL,Mar-20,Dec-19,No Failure,Haora,Accepted,N,HR 82_RURAL_R,PSU_ID_10429,1061.509957,1061.509957,1061.509957,1.305785,1.305785,1.305785,Grown-up - dominant,Non-industrial Technical Employees,Households of all literates,Male Majority,3 Members,10888,11873,5385,6507,1280,800,360,120,400,410,50,300,950,1302,80,90,0,425,588,365,394,300,320,65,74,120,185,20,45,100,156,40,112,45,45,0,35,79,35,44,0,0,40,0,865,1196,780,1064,85,132,0,120,0,150,0,0,0,0,0,0,330,415,330,415,0,0,330,415,0,0,0,750,750,0,0,0,0,0,298,40,40,0,0,40,78,0,0,50,28,0,0,0,0,0,100,20,80,0,40,0,0,0,0,850,526,425,263,0,0,0,0,0,0,0,0,0,0,1060,1060,680,0,0,0,0,0,0,380,1120,1060,900,0,220,160,0,0,0,470,0,250,220,0,0,0,0,0,0,0,0,0,0,0,0,0,515,450,0,0,0,0,0,0,0,65,0,0,0,0,0,535,0,0,0,350,155,0,0,0,30,0,0,0,0,0
83417331,Uttarakhand,HR 33,URBAN,Feb-20,Dec-19,No Failure,Hardwar,Accepted,N,HR 33_URBAN_S,PSU_ID_1894,1423.61997,1423.61997,1423.61997,1.019108,1.019108,1.019108,Grown-up - dominant,Industrial Workers,All Matriculates household,Male Majority,3 Members,29440,30479,5260,5979,1100,350,450,300,250,250,500,140,140,239,200,280,135,145,240,1175,1220,1000,1000,175,220,145,340,90,120,90,120,85,100,125,125,0,0,0,0,0,0,0,45,125,0,0,0,0,0,0,125,85,70,175,315,760,170,300,0,0,1250,1320,250,320,250,320,0,0,0,0,1000,980,0,450,530,80,450,0,1225,115,80,0,35,70,740,120,65,75,60,55,65,85,95,120,145,75,70,70,85,2000,0,0,2000,1700,2500,400,800,450,700,250,450,0,0,0,0,0,0,4050,3750,750,3300,3000,1400,1400,1900,1600,0,515,665,120,145,250,400,0,0,0,780,0,350,250,0,180,1650,450,0,50,650,500,0,0,0,0,0,780,250,0,0,0,250,0,180,0,100,5000,0,5000,0,0,4400,150,0,0,100,150,0,0,500,0,2500,0,0,1000,0
80390623,Uttar Pradesh,HR 30,RURAL,Apr-20,Dec-19,No Failure,Gorakhpur,Accepted,N,HR 30_RURAL_R,PSU_ID_8877,4964.802008,4964.802008,4964.802008,1.784173,1.784173,1.784173,Balanced households with no Seniors,Wage Labourers,All Matriculates household,Male Dominated,4 Members,4695,5030,3185,3520,750,300,300,150,200,400,0,100,350,258,45,45,0,150,240,960,960,900,900,60,60,0,0,0,0,50,88,50,90,0,0,0,50,159,50,109,0,0,0,0,400,400,300,300,100,100,0,40,0,40,0,0,0,0,0,0,0,0,0,0,0,0,0,0,0,0,0,0,0,0,0,0,0,0,315,60,60,0,0,80,125,0,0,50,50,0,0,0,25,0,50,50,0,0,0,0,0,0,0,100,100,50,50,0,0,0,0,0,0,0,0,0,0,700,700,0,0,0,0,0,0,0,700,200,200,200,0,0,0,0,0,0,100,0,100,0,0,0,0,0,0,0,0,0,0,0,0,0,0,100,0,0,0,0,0,0,0,0,100,0,0,0,0,0,45,0,0,0,45,0,0,0,0,0,0,0,0,0,0
69920214,Karnataka,HR 58,URBAN,Apr-20,Dec-19,Could not be executed,Bangalore,Non-Response,Data Not Available,HR 58_URBAN_VL,PSU_ID_3450,2554.50626,2554.50626,2554.50626,2.149909,2.149909,2.149909,Data Not Available,Data Not Available,Data Not Available,Data Not Available,Data Not Available,-99,-99,-99,-99,-99,-99,-99,-99,-99,-99,-99,-99,-99,-99,-99,-99,-99,-99,-99,-99,-99,-99,-99,-99,-99,-99,-99,-99,-99,-99,-99,-99,-99,-99,-99,-99,-99,-99,-99,-99,-99,-99,-99,-99,-99,-99,-99,-99,-99,-99,-99,-99,-99,-99,-99,-99,-99,-99,-99,-99,-99,-99,-99,-99,-99,-99,-99,-99,-99,-99,-99,-99,-99,-99,-99,-99,-99,-99,-99,-99,-99,-99,-99,-99,-99,-99,-99,-99,-99,-99,-99,-99,-99,-99,-99,-99,-99,-99,-99,-99,-99,-99,-99,-99,-99,-99,-99,-99,-99,-99,-99,-99,-99,-99,-99,-99,-99,-99,-99,-99,-99,-99,-99,-99,-99,-99,-99,-99,-99,-99,-99,-99,-99,-99,-99,-99,-99,-99,-99,-99,-99,-99,-99,-99,-99,-99,-99,-99,-99,-99,-99,-99,-99,-99,-99,-99,-99,-99,-99,-99,-99,-99,-99,-99,-99,-99,-99,-99,-99,-99,-99,-99,-99,-99,-99,-99,-99,-99,-99,-99,-99,-99,-99
20383408,Andhra Pradesh,HR 63,RURAL,Jan-20,Dec-19,Household not found,Srikakulam,Non-Response,Data Not Available,HR 63_RURAL_R,PSU_ID_12218,2708.99939,2708.99939,2708.99939,1.642005,1.642005,1.642005,Data Not Available,Data Not Available,Data Not Available,Data Not Available,Data Not Available,-99,-99,-99,-99,-99,-99,-99,-99,-99,-99,-99,-99,-99,-99,-99,-99,-99,-99,-99,-99,-99,-99,-99,-99,-99,-99,-99,-99,-99,-99,-99,-99,-99,-99,-99,-99,-99,-99,-99,-99,-99,-99,-99,-99,-99,-99,-99,-99,-99,-99,-99,-99,-99,-99,-99,-99,-99,-99,-99,-99,-99,-99,-99,-99,-99,-99,-99,-99,-99,-99,-99,-99,-99,-99,-99,-99,-99,-99,-99,-99,-99,-99,-99,-99,-99,-99,-99,-99,-99,-99,-99,-99,-99,-99,-99,-99,-99,-99,-99,-99,-99,-99,-99,-99,-99,-99,-99,-99,-99,-99,-99,-99,-99,-99,-99,-99,-99,-99,-99,-99,-99,-99,-99,-99,-99,-99,-99,-99,-99,-99,-99,-99,-99,-99,-99,-99,-99,-99,-99,-99,-99,-99,-99,-99,-99,-99,-99,-99,-99,-99,-99,-99,-99,-99,-99,-99,-99,-99,-99,-99,-99,-99,-99,-99,-99,-99,-99,-99,-99,-99,-99,-99,-99,-99,-99,-99,-99,-99,-99,-99,-99,-99,-99
15811734,Maharashtra,HR 43,URBAN,Feb-20,Dec-19,No Failure,Aurangabad,Accepted,N,HR 43_URBAN_VL,PSU_ID_2489,811.766461,811.766461,811.766461,1.190476,1.190476,1.190476,Balanced households with Seniors,Miscellaneous,Households of all literates,Balanced,2 Members,9935,11369,5810,6839,1320,460,310,550,560,560,0,290,950,593,160,280,0,360,263,300,664,200,360,100,304,130,244,140,194,120,213,180,314,0,0,0,0,0,0,0,0,0,0,0,750,1354,600,1200,150,154,0,130,0,330,0,0,0,0,0,90,110,491,110,491,0,0,0,0,110,491,0,0,0,0,0,0,0,0,985,75,75,0,0,80,370,0,0,100,90,60,0,60,60,0,290,140,150,80,90,0,0,0,0,0,0,0,0,0,0,0,0,0,0,0,0,0,0,1400,1400,750,0,0,0,0,0,0,650,360,384,0,0,360,384,0,0,0,430,0,130,300,0,0,0,0,0,0,0,0,0,0,0,0,0,660,580,0,0,0,0,0,0,0,80,0,0,0,0,0,180,0,0,0,0,180,0,0,0,0,0,0,0,0,0
14457490,Punjab,HR 5,URBAN,Jan-20,Dec-19,No Failure,Patiala,Accepted,N,HR 5_URBAN_L,PSU_ID_193,527.165356,527.165356,527.165356,1.718447,1.718447,1.718447,Balanced households with no Seniors,Entrepreneurs,Households of all literates,Balanced,4 Members,19316,19847,7225,7759,1215,285,510,420,125,125,200,110,620,816,210,242,200,185,283,2220,2254,2000,2000,220,254,450,452,85,164,75,124,65,83,185,185,0,210,412,0,0,210,202,120,0,330,364,185,202,145,162,110,85,80,125,220,440,0,0,0,0,145,162,145,162,0,0,145,162,0,0,0,1885,1800,0,85,85,0,0,1580,65,65,0,0,125,825,120,0,125,110,80,70,120,80,120,260,75,185,120,185,600,600,0,0,900,852,450,426,0,0,0,0,0,300,0,200,100,0,4660,4647,810,1650,1637,1650,1637,0,0,2200,145,162,0,0,145,162,0,0,0,450,0,220,230,0,0,210,0,0,210,0,0,0,0,0,0,0,395,85,0,0,0,0,0,125,0,185,0,0,0,0,0,1271,0,350,0,0,101,0,0,0,200,0,0,0,620,0
67993216,Andhra Pradesh,HR 66,URBAN,Jan-20,Dec-19,No Failure,Kurnool,Accepted,N,HR 66_URBAN_L,PSU_ID_3929,636.619079,636.619079,636.619079,1.074523,1.074523,1.074523,Balanced households with no Seniors,Self-employed Entrepreneurs,Matriculates majority household,Balanced,4 Members,7760,9238,4620,5604,1470,1200,150,120,340,212,0,40,180,272,50,222,50,130,208,660,585,600,460,60,125,30,56,50,114,60,174,80,301,300,150,150,130,440,50,145,80,165,0,0,470,680,350,414,120,266,150,60,0,80,90,210,90,120,80,120,200,200,200,200,0,0,0,0,200,200,0,300,300,0,0,0,0,0,600,100,40,0,60,50,250,0,0,50,40,0,0,50,60,50,100,40,60,0,100,300,300,0,0,360,1308,180,654,0,0,0,0,0,0,0,0,0,0,200,200,0,0,0,0,0,0,0,200,580,600,200,220,160,180,0,0,0,230,0,80,150,0,0,0,0,0,0,0,0,0,0,0,0,0,230,150,0,0,0,0,0,80,0,0,0,0,0,0,0,320,120,0,0,0,200,0,0,0,0,0,0,0,0,0
86284937,Uttarakhand,HR 33,RURAL,Jan-20,Dec-19,Could not be executed,Dehradun,Non-Response,Data Not Available,HR 33_RURAL_R,PSU_ID_8972,2176.356397,2176.356397,2176.356397,2.339181,2.339181,2.339181,Data Not Available,Data Not Available,Data Not Available,Data Not Available,Data Not Available,-99,-99,-99,-99,-99,-99,-99,-99,-99,-99,-99,-99,-99,-99,-99,-99,-99,-99,-99,-99,-99,-99,-99,-99,-99,-99,-99,-99,-99,-99,-99,-99,-99,-99,-99,-99,-99,-99,-99,-99,-99,-99,-99,-99,-99,-99,-99,-99,-99,-99,-99,-99,-99,-99,-99,-99,-99,-99,-99,-99,-99,-99,-99,-99,-99,-99,-99,-99,-99,-99,-99,-99,-99,-99,-99,-99,-99,-99,-99,-99,-99,-99,-99,-99,-99,-99,-99,-99,-99,-99,-99,-99,-99,-99,-99,-99,-99,-99,-99,-99,-99,-99,-99,-99,-99,-99,-99,-99,-99,-99,-99,-99,-99,-99,-99,-99,-99,-99,-99,-99,-99,-99,-99,-99,-99,-99,-99,-99,-99,-99,-99,-99,-99,-99,-99,-99,-99,-99,-99,-99,-99,-99,-99,-99,-99,-99,-99,-99,-99,-99,-99,-99,-99,-99,-99,-99,-99,-99,-99,-99,-99,-99,-99,-99,-99,-99,-99,-99,-99,-99,-99,-99,-99,-99,-99,-99,-99,-99,-99,-99,-99,-99,-99
33251885,Uttar Pradesh,HR 32,RURAL,Jan-20,Dec-19,No Failure,Faizabad,Accepted,N,HR 32_RURAL_R,PSU_ID_8936,4465.552907,4465.552907,4465.552907,1.296954,1.296954,1.296954,Grown-up - dominant,Wage Labourers,Households of all literates,Male Majority,3 Members,4925,5018,2015,2030,700,370,180,150,75,75,0,75,150,144,0,0,0,75,124,105,152,70,115,35,37,75,47,0,0,65,38,75,41,0,0,0,0,0,0,0,0,0,0,0,375,389,300,307,75,82,0,95,0,150,0,0,0,0,0,0,195,263,195,263,0,0,120,116,75,147,0,600,300,180,120,120,0,0,615,35,35,0,0,70,350,0,0,75,25,35,60,80,75,0,160,30,130,0,0,0,0,0,0,0,0,0,0,0,0,0,0,0,0,0,0,0,0,1350,1360,750,300,310,300,310,0,0,300,0,0,0,0,0,0,0,0,0,150,0,150,0,0,0,0,0,0,0,0,0,0,0,0,0,0,0,0,0,0,0,0,0,0,0,0,0,0,0,0,0,0,0,0,0,0,0,0,0,0,0,0,0,0,0,0
50197532,Odisha,HR 97,RURAL,Jan-20,Dec-19,No Failure,Dhenkanal,Accepted,N,HR 97_RURAL_R,PSU_ID_12338,3039.261926,3039.261926,3039.261926,1.661017,1.661017,1.661017,Others households of Grown-ups,Non-industrial Technical Employees,Households of all literates,Balanced,6 Members,9315,9954,4290,4933,1215,835,165,215,240,341,55,165,635,548,125,257,0,365,334,135,192,135,192,0,0,0,0,125,162,10,27,135,247,0,0,0,0,0,0,0,0,0,45,0,860,1165,735,952,125,213,0,55,0,125,0,0,0,0,0,0,1480,1333,530,383,0,0,0,0,530,383,950,45,0,0,45,45,0,0,515,45,45,0,0,65,230,0,0,55,35,0,40,55,45,0,120,55,65,0,55,0,0,0,0,450,286,225,143,0,0,0,0,0,0,0,0,0,0,860,860,735,0,0,0,0,0,0,125,220,445,135,0,85,310,0,0,0,395,0,245,150,0,0,0,0,0,0,0,0,0,0,0,0,0,595,530,0,0,0,0,0,0,0,65,0,0,0,0,0,690,0,0,0,0,65,0,0,0,0,0,0,0,625,0
86065616,Tamil Nadu,HR 71,URBAN,Jan-20,Dec-19,No Failure,Cuddalore,Accepted,N,HR 71_URBAN_M,PSU_ID_4367,642.631512,642.631512,642.631512,1.04918,1.04918,1.04918,Balanced households with no Seniors,Wage Labourers,All Matriculates household,Female Dominated,4 Members,22890,25223,6520,8075,1315,920,230,165,320,573,65,85,720,781,250,430,150,150,297,425,700,360,589,65,111,65,133,65,130,90,121,100,175,225,165,60,400,677,250,168,150,109,65,500,945,1468,860,1334,85,134,350,65,50,120,0,0,0,0,0,0,850,968,100,218,0,0,50,116,50,102,750,2500,2500,0,0,0,0,0,1250,130,80,25,25,85,450,60,40,60,30,0,150,60,50,0,85,85,0,0,500,150,0,0,150,900,1944,450,972,0,1500,1500,0,0,0,0,0,0,0,1800,1863,700,750,813,750,813,0,0,350,230,305,165,0,65,140,0,0,0,600,0,350,250,0,0,370,0,0,370,0,0,0,0,0,0,0,160,0,0,0,0,0,0,0,0,160,3000,0,0,0,3000,3510,0,0,0,3000,0,0,0,0,160,0,0,0,350,0
83164362,Maharashtra,HR 48,URBAN,Apr-20,Dec-19,Household not found,Ratnagiri,Non-Response,Data Not Available,HR 48_URBAN_S,PSU_ID_2825,793.437364,793.437364,793.437364,4,4,4,Data Not Available,Data Not Available,Data Not Available,Data Not Available,Data Not Available,-99,-99,-99,-99,-99,-99,-99,-99,-99,-99,-99,-99,-99,-99,-99,-99,-99,-99,-99,-99,-99,-99,-99,-99,-99,-99,-99,-99,-99,-99,-99,-99,-99,-99,-99,-99,-99,-99,-99,-99,-99,-99,-99,-99,-99,-99,-99,-99,-99,-99,-99,-99,-99,-99,-99,-99,-99,-99,-99,-99,-99,-99,-99,-99,-99,-99,-99,-99,-99,-99,-99,-99,-99,-99,-99,-99,-99,-99,-99,-99,-99,-99,-99,-99,-99,-99,-99,-99,-99,-99,-99,-99,-99,-99,-99,-99,-99,-99,-99,-99,-99,-99,-99,-99,-99,-99,-99,-99,-99,-99,-99,-99,-99,-99,-99,-99,-99,-99,-99,-99,-99,-99,-99,-99,-99,-99,-99,-99,-99,-99,-99,-99,-99,-99,-99,-99,-99,-99,-99,-99,-99,-99,-99,-99,-99,-99,-99,-99,-99,-99,-99,-99,-99,-99,-99,-99,-99,-99,-99,-99,-99,-99,-99,-99,-99,-99,-99,-99,-99,-99,-99,-99,-99,-99,-99,-99,-99,-99,-99,-99,-99,-99,-99
10262692,Uttar Pradesh,HR 24,URBAN,Jan-20,Dec-19,No Failure,Meerut,Accepted,N,HR 24_URBAN_VL,PSU_ID_1328,778.952996,778.952996,778.952996,1.406993,1.406993,1.406993,Grown-up - dominant,Entrepreneurs,Households of all literates,Male Majority,3 Members,14915,14947,5610,5164,850,500,180,170,300,300,450,50,860,655,150,190,100,140,108,1340,1022,1200,882,140,140,0,0,140,145,150,168,160,188,290,150,140,150,318,150,168,0,0,0,0,0,0,0,0,0,0,0,80,0,400,0,0,0,0,0,0,350,470,350,470,0,0,350,470,0,0,0,2150,2100,0,50,50,0,0,535,70,50,0,20,50,225,60,0,50,45,0,0,0,70,0,190,40,150,0,0,0,0,0,0,1300,1206,650,603,0,0,0,0,0,0,0,0,0,0,3810,4055,710,2500,2745,2500,2745,0,0,600,80,240,0,0,80,240,0,0,0,470,0,150,320,0,0,0,0,0,0,0,0,0,0,0,0,0,360,180,0,0,0,0,0,0,0,180,0,0,0,0,0,900,0,900,0,0,0,0,0,0,0,0,0,0,0,0
31234156,Bihar,HR 89,RURAL,Apr-20,Dec-19,No Failure,Gopalganj,Accepted,N,HR 89_RURAL_R,PSU_ID_10663,6769.52562,6769.52562,6769.52562,1.391304,1.391304,1.391304,Youngsters - dominant,Small/Marginal Farmers,Households of all illiterates,Male Majority,3 Members,6619,6696,4292,4369,1120,500,430,190,290,290,0,90,320,356,85,85,0,360,401,1200,1200,1200,1200,0,0,90,90,50,50,60,60,42,42,0,0,0,0,0,0,0,0,0,0,0,430,430,320,320,110,110,0,50,0,105,0,0,0,0,0,0,160,160,160,160,0,0,0,0,160,160,0,15,0,0,15,15,0,0,418,45,45,0,0,60,168,0,0,0,35,0,0,68,65,0,145,35,110,0,0,0,0,0,0,420,420,210,210,0,0,0,0,0,0,0,0,0,0,855,855,690,0,0,0,0,0,0,165,280,280,280,0,0,0,0,0,0,249,0,249,0,0,0,0,0,0,0,0,0,0,0,0,0,0,140,90,0,0,0,0,0,0,0,50,0,0,0,0,0,0,0,0,0,0,0,0,0,0,0,0,0,0,0,0
64075136,Punjab,HR 7,RURAL,Apr-20,Dec-19,Could not be executed,Sangrur,Non-Response,Data Not Available,HR 7_RURAL_R,PSU_ID_8149,1632.648719,1632.648719,1632.648719,1.703422,1.703422,1.703422,Data Not Available,Data Not Available,Data Not Available,Data Not Available,Data Not Available,-99,-99,-99,-99,-99,-99,-99,-99,-99,-99,-99,-99,-99,-99,-99,-99,-99,-99,-99,-99,-99,-99,-99,-99,-99,-99,-99,-99,-99,-99,-99,-99,-99,-99,-99,-99,-99,-99,-99,-99,-99,-99,-99,-99,-99,-99,-99,-99,-99,-99,-99,-99,-99,-99,-99,-99,-99,-99,-99,-99,-99,-99,-99,-99,-99,-99,-99,-99,-99,-99,-99,-99,-99,-99,-99,-99,-99,-99,-99,-99,-99,-99,-99,-99,-99,-99,-99,-99,-99,-99,-99,-99,-99,-99,-99,-99,-99,-99,-99,-99,-99,-99,-99,-99,-99,-99,-99,-99,-99,-99,-99,-99,-99,-99,-99,-99,-99,-99,-99,-99,-99,-99,-99,-99,-99,-99,-99,-99,-99,-99,-99,-99,-99,-99,-99,-99,-99,-99,-99,-99,-99,-99,-99,-99,-99,-99,-99,-99,-99,-99,-99,-99,-99,-99,-99,-99,-99,-99,-99,-99,-99,-99,-99,-99,-99,-99,-99,-99,-99,-99,-99,-99,-99,-99,-99,-99,-99,-99,-99,-99,-99,-99,-99
13402342,Maharashtra,HR 47,URBAN,Mar-20,Dec-19,Household not found,Satara,Non-Response,Data Not Available,HR 47_URBAN_M,PSU_ID_2760,312.066654,312.066654,312.066654,4.857143,4.857143,4.857143,Data Not Available,Data Not Available,Data Not Available,Data Not Available,Data Not Available,-99,-99,-99,-99,-99,-99,-99,-99,-99,-99,-99,-99,-99,-99,-99,-99,-99,-99,-99,-99,-99,-99,-99,-99,-99,-99,-99,-99,-99,-99,-99,-99,-99,-99,-99,-99,-99,-99,-99,-99,-99,-99,-99,-99,-99,-99,-99,-99,-99,-99,-99,-99,-99,-99,-99,-99,-99,-99,-99,-99,-99,-99,-99,-99,-99,-99,-99,-99,-99,-99,-99,-99,-99,-99,-99,-99,-99,-99,-99,-99,-99,-99,-99,-99,-99,-99,-99,-99,-99,-99,-99,-99,-99,-99,-99,-99,-99,-99,-99,-99,-99,-99,-99,-99,-99,-99,-99,-99,-99,-99,-99,-99,-99,-99,-99,-99,-99,-99,-99,-99,-99,-99,-99,-99,-99,-99,-99,-99,-99,-99,-99,-99,-99,-99,-99,-99,-99,-99,-99,-99,-99,-99,-99,-99,-99,-99,-99,-99,-99,-99,-99,-99,-99,-99,-99,-99,-99,-99,-99,-99,-99,-99,-99,-99,-99,-99,-99,-99,-99,-99,-99,-99,-99,-99,-99,-99,-99,-99,-99,-99,-99,-99,-99
66905035,Andhra Pradesh,HR 66,RURAL,Jan-20,Dec-19,No Failure,Kurnool,Accepted,N,HR 66_RURAL_R,PSU_ID_9962,3457.671183,3457.671183,3457.671183,1.418719,1.418719,1.418719,Balanced households with no Seniors,Small/Marginal Farmers,Households of all literates,Balanced,4 Members,9227,11342,4037,5937,1550,1300,150,100,180,378,65,45,200,462,0,0,0,142,308,625,485,530,321,95,164,0,0,0,0,0,0,70,197,100,100,0,0,0,0,0,0,0,55,0,700,1786,580,1595,120,191,0,70,35,100,100,401,100,301,0,0,785,953,235,403,100,223,0,0,135,180,550,265,0,200,65,65,0,0,680,100,60,0,40,65,235,0,35,80,35,50,0,35,0,0,165,100,65,60,55,0,0,0,0,200,346,100,173,0,250,0,250,0,100,0,100,0,0,1170,1001,720,350,181,350,181,0,0,100,190,333,100,0,90,233,0,0,0,610,0,400,210,0,0,220,120,0,100,0,0,0,0,0,0,0,125,0,0,0,0,0,0,65,0,60,0,0,0,0,0,695,0,0,0,650,0,0,0,0,0,0,0,45,0,0
96311411,Bihar,HR 89,URBAN,Apr-20,Dec-19,Could not be executed,Gopalganj,Non-Response,Data Not Available,HR 89_URBAN_S,PSU_ID_6975,458.468107,458.468107,458.468107,4.42623,4.42623,4.42623,Data Not Available,Data Not Available,Data Not Available,Data Not Available,Data Not Available,-99,-99,-99,-99,-99,-99,-99,-99,-99,-99,-99,-99,-99,-99,-99,-99,-99,-99,-99,-99,-99,-99,-99,-99,-99,-99,-99,-99,-99,-99,-99,-99,-99,-99,-99,-99,-99,-99,-99,-99,-99,-99,-99,-99,-99,-99,-99,-99,-99,-99,-99,-99,-99,-99,-99,-99,-99,-99,-99,-99,-99,-99,-99,-99,-99,-99,-99,-99,-99,-99,-99,-99,-99,-99,-99,-99,-99,-99,-99,-99,-99,-99,-99,-99,-99,-99,-99,-99,-99,-99,-99,-99,-99,-99,-99,-99,-99,-99,-99,-99,-99,-99,-99,-99,-99,-99,-99,-99,-99,-99,-99,-99,-99,-99,-99,-99,-99,-99,-99,-99,-99,-99,-99,-99,-99,-99,-99,-99,-99,-99,-99,-99,-99,-99,-99,-99,-99,-99,-99,-99,-99,-99,-99,-99,-99,-99,-99,-99,-99,-99,-99,-99,-99,-99,-99,-99,-99,-99,-99,-99,-99,-99,-99,-99,-99,-99,-99,-99,-99,-99,-99,-99,-99,-99,-99,-99,-99,-99,-99,-99,-99,-99,-99
16573673,Uttar Pradesh,HR 22,RURAL,Feb-20,Dec-19,No Failure,Firozabad,Accepted,N,HR 22_RURAL_R,PSU_ID_8637,3533.786904,3533.786904,3533.786904,1.002088,1.002088,1.002088,Grown-up - dominant,Small Traders/Hawkers,Matriculates dominated household,Male Dominated,5 Members,11877,14124,3965,6273,0,0,0,0,290,488,350,140,680,374,140,308,95,140,270,1590,2011,1500,1800,90,211,140,1542,0,0,45,232,80,188,90,90,0,0,0,0,0,0,0,0,0,0,0,0,0,0,0,0,45,0,140,0,0,0,0,0,0,280,294,280,294,0,0,0,0,280,294,0,365,0,320,45,45,0,0,528,70,45,0,25,45,199,0,0,42,32,35,0,45,45,0,74,42,32,140,0,0,0,0,0,0,0,0,0,0,0,0,0,0,0,0,0,0,0,2505,2397,635,1450,1342,1450,1342,0,0,420,140,173,0,0,140,173,0,0,0,609,0,399,210,0,0,505,0,0,25,480,0,0,0,0,0,0,1110,140,300,420,0,0,0,110,0,140,0,0,0,0,0,1870,0,0,0,0,0,0,0,0,120,0,0,0,0,1750
13673837,Bihar,HR 92,RURAL,Mar-20,Dec-19,No Failure,Begusarai,Accepted,N,HR 92_RURAL_R,PSU_ID_11831,5287.222251,5287.222251,5287.222251,1.889447,1.889447,1.889447,Others households of Grown-ups,Retired/Aged,Graduates majority household,Male Dominated,5 Members,8718,8987,4573,4803,1522,550,752,220,210,198,0,98,382,411,95,101,0,240,250,688,701,600,600,88,101,98,101,52,107,48,113,0,0,0,0,0,60,120,60,60,0,0,64,300,585,646,490,526,95,120,0,42,0,89,0,0,0,0,0,0,0,0,0,0,0,0,0,0,0,0,0,32,0,0,32,32,0,0,199,0,0,0,0,33,26,0,0,0,26,0,0,0,0,0,140,35,105,0,0,0,0,0,0,776,854,388,427,0,0,0,0,0,0,0,0,0,0,967,967,745,0,0,0,0,0,0,222,254,254,254,0,0,0,0,0,0,500,0,300,200,0,0,820,130,0,90,600,0,0,0,0,0,0,220,42,0,0,0,0,0,63,0,115,0,0,0,0,0,765,0,0,0,0,60,0,0,0,100,0,0,250,355,0
60137638,Madhya Pradesh,HR 50,URBAN,Feb-20,Dec-19,No Failure,Indore,Accepted,N,HR 50_URBAN_VL,PSU_ID_2960,1257.305931,1257.305931,1257.305931,1.825503,1.825503,1.825503,Grown-up - dominant,Wage Labourers,Households of all literates,Balanced,4 Members,10558,12320,4974,6472,1150,850,75,225,295,480,150,95,420,513,56,204,150,80,235,775,993,720,800,55,193,120,196,0,0,60,150,150,119,0,0,0,200,304,200,104,0,0,70,250,555,1215,460,962,95,253,0,86,32,280,0,0,0,0,0,0,265,242,265,242,0,0,0,0,265,242,0,545,500,0,45,45,0,0,494,98,60,0,38,90,261,23,25,0,16,10,0,35,0,152,45,20,25,0,0,238,0,0,238,104,364,52,182,0,0,0,0,0,150,0,150,0,0,1915,2072,750,900,1057,900,1057,0,0,265,0,0,0,0,0,0,0,0,0,655,0,400,255,0,0,850,0,0,350,200,0,0,300,0,0,0,138,0,0,0,0,0,0,38,0,100,0,0,0,0,0,282,0,0,0,0,240,0,0,0,0,0,0,0,42,0
13477114,Maharashtra,HR 44,URBAN,Apr-20,Dec-19,No Failure,Nagpur,Accepted,N,HR 44_URBAN_VL,PSU_ID_2555,1354.314591,1354.314591,1354.314591,3.402778,3.402778,3.402778,Others households of Grown-ups,Self-employed Entrepreneurs,Households of some literates,Female Majority,5 Members,10870,11653,5190,6073,1800,1000,500,300,550,926,0,80,520,1334,50,153,0,300,400,800,200,800,200,0,0,0,0,60,60,30,120,40,40,40,40,0,30,60,0,0,30,30,100,0,420,420,400,400,20,20,50,100,0,200,20,40,0,0,0,0,800,700,300,200,0,0,0,0,300,200,500,30,0,0,30,30,0,0,610,40,40,0,0,100,270,0,40,50,30,0,50,40,60,0,200,100,100,0,0,0,0,0,0,160,160,80,80,0,150,0,0,150,450,0,450,0,0,2320,2320,720,1100,1100,1100,1100,0,0,500,60,60,0,0,60,60,0,0,0,650,0,400,250,0,0,20,0,0,20,0,0,0,0,0,0,0,250,100,0,0,0,0,0,50,0,100,0,0,0,0,0,260,0,0,0,0,60,0,0,0,0,0,0,0,200,0
14666612,Madhya Pradesh,HR 54,RURAL,Apr-20,Dec-19,Household not found,Panna,Non-Response,Data Not Available,HR 54_RURAL_R,PSU_ID_12592,5431.249636,5431.249636,5431.249636,2.245614,2.245614,2.245614,Data Not Available,Data Not Available,Data Not Available,Data Not Available,Data Not Available,-99,-99,-99,-99,-99,-99,-99,-99,-99,-99,-99,-99,-99,-99,-99,-99,-99,-99,-99,-99,-99,-99,-99,-99,-99,-99,-99,-99,-99,-99,-99,-99,-99,-99,-99,-99,-99,-99,-99,-99,-99,-99,-99,-99,-99,-99,-99,-99,-99,-99,-99,-99,-99,-99,-99,-99,-99,-99,-99,-99,-99,-99,-99,-99,-99,-99,-99,-99,-99,-99,-99,-99,-99,-99,-99,-99,-99,-99,-99,-99,-99,-99,-99,-99,-99,-99,-99,-99,-99,-99,-99,-99,-99,-99,-99,-99,-99,-99,-99,-99,-99,-99,-99,-99,-99,-99,-99,-99,-99,-99,-99,-99,-99,-99,-99,-99,-99,-99,-99,-99,-99,-99,-99,-99,-99,-99,-99,-99,-99,-99,-99,-99,-99,-99,-99,-99,-99,-99,-99,-99,-99,-99,-99,-99,-99,-99,-99,-99,-99,-99,-99,-99,-99,-99,-99,-99,-99,-99,-99,-99,-99,-99,-99,-99,-99,-99,-99,-99,-99,-99,-99,-99,-99,-99,-99,-99,-99,-99,-99,-99,-99,-99,-99
63205170,Madhya Pradesh,HR 54,RURAL,Apr-20,Dec-19,Household not found,Satna,Non-Response,Data Not Available,HR 54_RURAL_R,PSU_ID_9621,5431.249636,5431.249636,5431.249636,2.245614,2.245614,2.245614,Data Not Available,Data Not Available,Data Not Available,Data Not Available,Data Not Available,-99,-99,-99,-99,-99,-99,-99,-99,-99,-99,-99,-99,-99,-99,-99,-99,-99,-99,-99,-99,-99,-99,-99,-99,-99,-99,-99,-99,-99,-99,-99,-99,-99,-99,-99,-99,-99,-99,-99,-99,-99,-99,-99,-99,-99,-99,-99,-99,-99,-99,-99,-99,-99,-99,-99,-99,-99,-99,-99,-99,-99,-99,-99,-99,-99,-99,-99,-99,-99,-99,-99,-99,-99,-99,-99,-99,-99,-99,-99,-99,-99,-99,-99,-99,-99,-99,-99,-99,-99,-99,-99,-99,-99,-99,-99,-99,-99,-99,-99,-99,-99,-99,-99,-99,-99,-99,-99,-99,-99,-99,-99,-99,-99,-99,-99,-99,-99,-99,-99,-99,-99,-99,-99,-99,-99,-99,-99,-99,-99,-99,-99,-99,-99,-99,-99,-99,-99,-99,-99,-99,-99,-99,-99,-99,-99,-99,-99,-99,-99,-99,-99,-99,-99,-99,-99,-99,-99,-99,-99,-99,-99,-99,-99,-99,-99,-99,-99,-99,-99,-99,-99,-99,-99,-99,-99,-99,-99,-99,-99,-99,-99,-99,-99
30349091,Telangana,HR 68,RURAL,Mar-20,Dec-19,No Failure,Medak,Accepted,N,HR 68_RURAL_R,PSU_ID_10027,2998.577787,2998.577787,2998.577787,1.566138,1.566138,1.566138,Balanced households with no Seniors,Organised Farmers,All Graduates household,Balanced,4 Members,12070,12145,4310,4433,1310,900,160,250,320,403,0,80,620,609,100,105,0,150,144,670,684,600,610,70,74,0,0,50,54,30,34,90,94,0,0,0,0,0,0,0,0,0,0,0,690,702,600,618,90,84,0,50,0,70,80,174,80,94,0,0,1200,1192,300,292,300,292,0,0,0,0,900,250,0,250,0,0,0,0,520,90,50,0,40,50,160,0,0,60,40,0,0,60,0,0,150,80,70,30,40,120,0,0,120,500,530,250,265,0,0,0,0,0,50,0,50,0,0,2040,1981,850,950,891,950,891,0,0,240,960,964,250,500,210,214,0,0,0,650,0,400,250,0,0,650,400,0,0,0,0,0,250,0,0,0,170,0,0,0,0,0,0,50,0,120,0,0,0,0,0,900,0,0,0,0,600,0,0,0,0,0,0,0,300,0
75260459,Bihar,HR 88,URBAN,Jan-20,Dec-19,No Failure,Patna,Accepted,N,HR 88_URBAN_VL,PSU_ID_6919,662.001906,662.001906,662.001906,1.059048,1.059048,1.059048,Youngsters - dominant,Small Traders/Hawkers,Matriculates majority household,Male Majority,5 Members,13030,11318,7130,6212,2238,871,1087,280,220,352,0,106,660,413,150,232,0,384,317,1346,397,1250,168,96,229,150,133,65,121,96,145,90,109,0,0,0,0,0,0,0,0,0,0,316,920,944,740,789,180,155,0,65,0,174,150,300,0,0,0,0,80,74,80,74,0,0,0,0,80,74,0,63,0,0,63,63,0,0,632,55,55,0,0,90,362,74,16,97,42,0,47,40,46,0,125,40,85,0,0,0,0,0,0,792,278,396,139,0,0,0,0,0,0,0,0,0,0,2111,1602,779,858,349,858,349,0,0,474,225,203,120,0,105,83,0,0,0,773,0,474,299,0,0,480,0,0,180,0,300,0,0,0,0,0,80,0,0,0,0,0,0,0,0,80,0,0,0,0,0,1060,0,610,0,0,0,0,0,0,0,0,0,280,170,0
91501830,Rajasthan,HR 16,URBAN,Feb-20,Dec-19,No Failure,Pali,Accepted,N,HR 16_URBAN_M,PSU_ID_851,174.506574,174.506574,174.506574,1.015873,1.015873,1.015873,Grown-up - dominant,Retired/Aged,Matriculates majority household,Balanced,4 Members,10694,11512,4722,5311,808,450,260,98,265,247,500,165,320,386,98,262,0,110,121,2076,2140,1988,1973,88,167,100,377,0,0,0,0,110,135,0,0,0,0,0,0,0,0,0,0,0,0,0,0,0,0,0,0,50,0,120,0,0,0,0,0,0,580,776,580,776,0,0,260,346,320,430,0,325,0,190,135,135,0,0,684,40,40,0,0,140,324,0,32,115,45,0,32,60,40,0,180,85,95,0,0,0,0,0,0,0,0,0,0,0,0,0,0,0,200,0,200,0,0,3516,3549,0,1950,1983,1950,1983,0,0,1566,268,268,268,0,0,0,0,0,0,219,0,219,0,0,0,0,0,0,0,0,0,0,0,0,0,0,180,0,0,0,0,0,0,0,0,180,0,0,0,0,0,0,0,0,0,0,0,0,0,0,0,0,0,0,0,0
27304958,West Bengal,HR 85,URBAN,Mar-20,Dec-19,Locked,Uttar Dinajpur,Non-Response,Data Not Available,HR 85_URBAN_S,PSU_ID_6472,2276.958758,2276.958758,2276.958758,1.063492,1.063492,1.063492,Data Not Available,Data Not Available,Data Not Available,Data Not Available,Data Not Available,-99,-99,-99,-99,-99,-99,-99,-99,-99,-99,-99,-99,-99,-99,-99,-99,-99,-99,-99,-99,-99,-99,-99,-99,-99,-99,-99,-99,-99,-99,-99,-99,-99,-99,-99,-99,-99,-99,-99,-99,-99,-99,-99,-99,-99,-99,-99,-99,-99,-99,-99,-99,-99,-99,-99,-99,-99,-99,-99,-99,-99,-99,-99,-99,-99,-99,-99,-99,-99,-99,-99,-99,-99,-99,-99,-99,-99,-99,-99,-99,-99,-99,-99,-99,-99,-99,-99,-99,-99,-99,-99,-99,-99,-99,-99,-99,-99,-99,-99,-99,-99,-99,-99,-99,-99,-99,-99,-99,-99,-99,-99,-99,-99,-99,-99,-99,-99,-99,-99,-99,-99,-99,-99,-99,-99,-99,-99,-99,-99,-99,-99,-99,-99,-99,-99,-99,-99,-99,-99,-99,-99,-99,-99,-99,-99,-99,-99,-99,-99,-99,-99,-99,-99,-99,-99,-99,-99,-99,-99,-99,-99,-99,-99,-99,-99,-99,-99,-99,-99,-99,-99,-99,-99,-99,-99,-99,-99,-99,-99,-99,-99,-99,-99
89342158,Uttar Pradesh,HR 24,URBAN,Jan-20,Dec-19,Locked,Meerut,Non-Response,Data Not Available,HR 24_URBAN_VL,PSU_ID_1328,778.952996,778.952996,778.952996,1.406993,1.406993,1.406993,Data Not Available,Data Not Available,Data Not Available,Data Not Available,Data Not Available,-99,-99,-99,-99,-99,-99,-99,-99,-99,-99,-99,-99,-99,-99,-99,-99,-99,-99,-99,-99,-99,-99,-99,-99,-99,-99,-99,-99,-99,-99,-99,-99,-99,-99,-99,-99,-99,-99,-99,-99,-99,-99,-99,-99,-99,-99,-99,-99,-99,-99,-99,-99,-99,-99,-99,-99,-99,-99,-99,-99,-99,-99,-99,-99,-99,-99,-99,-99,-99,-99,-99,-99,-99,-99,-99,-99,-99,-99,-99,-99,-99,-99,-99,-99,-99,-99,-99,-99,-99,-99,-99,-99,-99,-99,-99,-99,-99,-99,-99,-99,-99,-99,-99,-99,-99,-99,-99,-99,-99,-99,-99,-99,-99,-99,-99,-99,-99,-99,-99,-99,-99,-99,-99,-99,-99,-99,-99,-99,-99,-99,-99,-99,-99,-99,-99,-99,-99,-99,-99,-99,-99,-99,-99,-99,-99,-99,-99,-99,-99,-99,-99,-99,-99,-99,-99,-99,-99,-99,-99,-99,-99,-99,-99,-99,-99,-99,-99,-99,-99,-99,-99,-99,-99,-99,-99,-99,-99,-99,-99,-99,-99,-99,-99
89241843,Goa,HR 49,RURAL,Apr-20,Dec-19,Could not be executed,North Goa,Non-Response,Data Not Available,HR 49_RURAL_R,PSU_ID_9459,356.931334,356.931334,356.931334,2.009662,2.009662,2.009662,Data Not Available,Data Not Available,Data Not Available,Data Not Available,Data Not Available,-99,-99,-99,-99,-99,-99,-99,-99,-99,-99,-99,-99,-99,-99,-99,-99,-99,-99,-99,-99,-99,-99,-99,-99,-99,-99,-99,-99,-99,-99,-99,-99,-99,-99,-99,-99,-99,-99,-99,-99,-99,-99,-99,-99,-99,-99,-99,-99,-99,-99,-99,-99,-99,-99,-99,-99,-99,-99,-99,-99,-99,-99,-99,-99,-99,-99,-99,-99,-99,-99,-99,-99,-99,-99,-99,-99,-99,-99,-99,-99,-99,-99,-99,-99,-99,-99,-99,-99,-99,-99,-99,-99,-99,-99,-99,-99,-99,-99,-99,-99,-99,-99,-99,-99,-99,-99,-99,-99,-99,-99,-99,-99,-99,-99,-99,-99,-99,-99,-99,-99,-99,-99,-99,-99,-99,-99,-99,-99,-99,-99,-99,-99,-99,-99,-99,-99,-99,-99,-99,-99,-99,-99,-99,-99,-99,-99,-99,-99,-99,-99,-99,-99,-99,-99,-99,-99,-99,-99,-99,-99,-99,-99,-99,-99,-99,-99,-99,-99,-99,-99,-99,-99,-99,-99,-99,-99,-99,-99,-99,-99,-99,-99,-99
15930741,Gujarat,HR 34,URBAN,Feb-20,Dec-19,Locked,Kheda,Non-Response,Data Not Available,HR 34_URBAN_M,PSU_ID_2009,497.424052,497.424052,497.424052,1.21875,1.21875,1.21875,Data Not Available,Data Not Available,Data Not Available,Data Not Available,Data Not Available,-99,-99,-99,-99,-99,-99,-99,-99,-99,-99,-99,-99,-99,-99,-99,-99,-99,-99,-99,-99,-99,-99,-99,-99,-99,-99,-99,-99,-99,-99,-99,-99,-99,-99,-99,-99,-99,-99,-99,-99,-99,-99,-99,-99,-99,-99,-99,-99,-99,-99,-99,-99,-99,-99,-99,-99,-99,-99,-99,-99,-99,-99,-99,-99,-99,-99,-99,-99,-99,-99,-99,-99,-99,-99,-99,-99,-99,-99,-99,-99,-99,-99,-99,-99,-99,-99,-99,-99,-99,-99,-99,-99,-99,-99,-99,-99,-99,-99,-99,-99,-99,-99,-99,-99,-99,-99,-99,-99,-99,-99,-99,-99,-99,-99,-99,-99,-99,-99,-99,-99,-99,-99,-99,-99,-99,-99,-99,-99,-99,-99,-99,-99,-99,-99,-99,-99,-99,-99,-99,-99,-99,-99,-99,-99,-99,-99,-99,-99,-99,-99,-99,-99,-99,-99,-99,-99,-99,-99,-99,-99,-99,-99,-99,-99,-99,-99,-99,-99,-99,-99,-99,-99,-99,-99,-99,-99,-99,-99,-99,-99,-99,-99,-99
51986285,Himachal Pradesh,HR 3,URBAN,Jan-20,Dec-19,No Failure,Mandi,Accepted,N,HR 3_URBAN_S,PSU_ID_123,436.702782,436.702782,436.702782,1.070234,1.070234,1.070234,Others households of Grown-ups,White-collar Professional Employees,Graduates majority household,Female Majority,5 Members,36305,40192,6870,7282,1390,800,140,450,135,363,550,125,950,971,230,253,200,260,278,1030,1018,750,720,280,298,75,82,130,128,150,166,180,194,65,65,0,0,0,0,0,0,0,140,0,950,1049,800,899,150,150,55,85,0,170,0,0,0,0,0,0,0,0,0,0,0,0,0,0,0,0,0,1610,1550,0,60,60,0,0,995,85,85,0,0,140,385,0,60,80,0,0,65,85,95,0,245,165,80,140,0,0,0,0,0,1600,4266,800,2133,0,0,0,0,0,0,0,0,0,0,15800,17942,800,15000,17142,15000,17142,0,0,0,0,0,0,0,0,0,0,0,0,730,0,500,230,0,0,9200,0,0,0,9200,0,0,0,0,0,0,300,300,0,0,0,0,0,0,0,0,0,0,0,0,0,0,0,0,0,0,0,0,0,0,0,0,0,0,0,0
18547250,Rajasthan,HR 12,RURAL,Jan-20,Dec-19,No Failure,Ajmer,Accepted,N,HR 12_RURAL_R,PSU_ID_12039,3723.735416,3723.735416,3723.735416,1.304348,1.304348,1.304348,Balanced households with no Seniors,Wage Labourers,Households of all literates,Male Dominated,4 Members,16390,17475,7400,8160,1580,270,1150,160,240,477,650,160,700,697,150,270,0,130,271,2500,2511,2400,2400,100,111,180,348,80,76,50,90,60,110,150,0,150,0,0,0,0,0,0,90,0,120,120,0,0,120,120,150,160,0,250,0,0,0,0,0,0,750,719,750,719,0,0,400,390,350,329,0,860,800,0,60,60,0,0,720,100,60,0,40,100,290,0,0,90,80,0,50,0,70,0,170,170,0,60,0,0,0,0,0,0,0,0,0,0,0,0,0,0,150,0,150,0,0,3810,4134,730,1600,1924,1600,1924,0,0,1480,190,222,110,0,80,112,0,0,0,300,0,150,150,0,0,700,0,0,0,350,0,0,350,0,0,0,250,0,0,0,0,0,0,0,0,250,0,0,0,0,0,1260,0,0,0,160,0,0,0,0,0,0,0,0,300,800
47469217,Chhattisgarh,HR 103,RURAL,Feb-20,Dec-19,No Failure,Dhamtari,Accepted,N,HR 103_RURAL_R,PSU_ID_11206,2017.232174,2017.232174,2017.232174,1.478548,1.478548,1.478548,Grown-up - dominant,Small/Marginal Farmers,Households of all literates,Balanced,2 Members,5830,6691,2310,3113,730,525,90,115,200,266,0,75,500,484,0,0,20,130,215,0,0,0,0,0,0,60,218,30,65,50,114,20,68,50,0,50,0,0,0,0,0,0,55,0,265,628,225,516,40,112,0,35,0,90,0,0,0,0,0,0,265,298,265,298,0,0,90,82,175,216,0,285,0,250,35,35,0,0,600,60,45,0,15,45,340,0,10,40,15,0,0,45,45,185,85,30,55,55,15,145,0,0,145,0,0,0,0,0,0,0,0,0,60,0,60,0,0,190,190,0,0,0,0,0,0,0,190,105,130,0,85,20,45,0,0,0,400,0,400,0,0,0,100,0,100,0,0,0,0,0,0,0,0,235,75,0,0,0,0,0,0,0,160,0,0,0,0,0,1135,0,200,0,500,0,0,0,0,0,0,0,135,300,0
43162771,Madhya Pradesh,HR 53,URBAN,Mar-20,Dec-19,No Failure,Sagar,Accepted,N,HR 53_URBAN_M,PSU_ID_3151,960.986083,960.986083,960.986083,1.134328,1.134328,1.134328,Others households of Grown-ups,White-collar Professional Employees,Graduates minority household,Male Majority,5 Members,15562,18078,4920,6268,1000,800,80,120,250,505,150,50,600,553,120,295,50,80,225,1280,1413,1200,1200,80,213,120,295,50,145,70,215,120,349,60,60,0,50,183,50,133,0,0,0,0,0,0,0,0,0,0,120,30,0,120,600,1160,600,560,0,0,450,740,450,740,0,0,150,260,300,480,0,2170,1800,350,20,20,0,0,743,40,40,0,0,40,583,140,48,40,45,0,80,40,40,150,80,40,40,0,0,250,0,0,250,300,412,150,206,0,200,0,200,0,70,0,70,0,0,1850,2672,0,1500,2322,1500,2322,0,0,350,270,270,150,0,120,120,0,0,0,799,0,499,180,0,120,1480,0,0,180,800,500,0,0,0,0,0,480,250,0,0,0,0,0,30,0,200,0,0,0,0,0,1730,0,500,0,0,30,0,0,0,0,0,0,0,1200,0
46798394,Uttarakhand,HR 33,URBAN,Apr-20,Dec-19,Household not found,Nainital,Non-Response,Data Not Available,HR 33_URBAN_M,PSU_ID_1890,358.683914,358.683914,358.683914,1.620321,1.620321,1.620321,Data Not Available,Data Not Available,Data Not Available,Data Not Available,Data Not Available,-99,-99,-99,-99,-99,-99,-99,-99,-99,-99,-99,-99,-99,-99,-99,-99,-99,-99,-99,-99,-99,-99,-99,-99,-99,-99,-99,-99,-99,-99,-99,-99,-99,-99,-99,-99,-99,-99,-99,-99,-99,-99,-99,-99,-99,-99,-99,-99,-99,-99,-99,-99,-99,-99,-99,-99,-99,-99,-99,-99,-99,-99,-99,-99,-99,-99,-99,-99,-99,-99,-99,-99,-99,-99,-99,-99,-99,-99,-99,-99,-99,-99,-99,-99,-99,-99,-99,-99,-99,-99,-99,-99,-99,-99,-99,-99,-99,-99,-99,-99,-99,-99,-99,-99,-99,-99,-99,-99,-99,-99,-99,-99,-99,-99,-99,-99,-99,-99,-99,-99,-99,-99,-99,-99,-99,-99,-99,-99,-99,-99,-99,-99,-99,-99,-99,-99,-99,-99,-99,-99,-99,-99,-99,-99,-99,-99,-99,-99,-99,-99,-99,-99,-99,-99,-99,-99,-99,-99,-99,-99,-99,-99,-99,-99,-99,-99,-99,-99,-99,-99,-99,-99,-99,-99,-99,-99,-99,-99,-99,-99,-99,-99,-99
21609672,West Bengal,HR 82,URBAN,Jan-20,Dec-19,No Failure,Haora,Accepted,N,HR 82_URBAN_VL,PSU_ID_6011,1475.020326,1475.020326,1475.020326,1.521545,1.521545,1.521545,Seniors - dominant,Miscellaneous,All Graduates household,Only Females,1 Member,11562,11957,3505,4143,750,400,250,100,180,180,0,200,650,838,100,115,0,180,382,365,381,300,320,65,61,150,141,20,53,80,80,45,45,0,0,0,0,0,0,0,0,0,30,0,615,808,550,723,65,85,0,80,0,60,0,0,0,0,0,0,0,0,0,0,0,0,0,0,0,0,0,0,0,0,0,0,0,0,297,35,20,0,15,36,116,0,0,55,16,0,0,45,0,0,75,10,65,0,35,0,0,0,0,720,486,360,243,0,0,0,0,0,0,0,0,0,0,1850,1850,650,0,0,0,0,0,0,1200,1250,1124,1000,0,250,124,0,0,0,650,0,150,280,0,220,0,0,0,0,0,0,0,0,0,0,0,2650,2650,0,0,0,0,0,0,0,0,0,0,0,0,0,1000,500,0,0,350,150,0,0,0,0,0,0,0,0,0
60537308,Maharashtra,HR 42,URBAN,Apr-20,Dec-19,Household not found,Nashik,Non-Response,Data Not Available,HR 42_URBAN_VL,PSU_ID_2443,1327.140493,1327.140493,1327.140493,2.95082,2.95082,2.95082,Data Not Available,Data Not Available,Data Not Available,Data Not Available,Data Not Available,-99,-99,-99,-99,-99,-99,-99,-99,-99,-99,-99,-99,-99,-99,-99,-99,-99,-99,-99,-99,-99,-99,-99,-99,-99,-99,-99,-99,-99,-99,-99,-99,-99,-99,-99,-99,-99,-99,-99,-99,-99,-99,-99,-99,-99,-99,-99,-99,-99,-99,-99,-99,-99,-99,-99,-99,-99,-99,-99,-99,-99,-99,-99,-99,-99,-99,-99,-99,-99,-99,-99,-99,-99,-99,-99,-99,-99,-99,-99,-99,-99,-99,-99,-99,-99,-99,-99,-99,-99,-99,-99,-99,-99,-99,-99,-99,-99,-99,-99,-99,-99,-99,-99,-99,-99,-99,-99,-99,-99,-99,-99,-99,-99,-99,-99,-99,-99,-99,-99,-99,-99,-99,-99,-99,-99,-99,-99,-99,-99,-99,-99,-99,-99,-99,-99,-99,-99,-99,-99,-99,-99,-99,-99,-99,-99,-99,-99,-99,-99,-99,-99,-99,-99,-99,-99,-99,-99,-99,-99,-99,-99,-99,-99,-99,-99,-99,-99,-99,-99,-99,-99,-99,-99,-99,-99,-99,-99,-99,-99,-99,-99,-99,-99
63607722,Maharashtra,HR 45,RURAL,Mar-20,Dec-19,No Failure,Yavatmal,Accepted,N,HR 45_RURAL_R,PSU_ID_9338,2876.898233,2876.898233,2876.898233,1.52809,1.52809,1.52809,Grown-up - dominant,Small/Marginal Farmers,Households of all literates,Balanced,2 Members,6540,7349,2840,3628,690,350,160,180,320,256,0,80,400,558,90,110,80,110,171,220,179,180,108,40,71,0,0,60,130,40,67,60,83,0,0,0,0,0,0,0,0,0,0,0,320,854,250,689,70,165,0,90,0,220,0,0,0,0,0,60,730,767,280,317,0,0,0,0,280,317,450,1100,900,200,0,0,0,0,380,40,40,0,0,40,120,0,20,30,20,0,0,30,20,0,80,40,40,40,60,0,0,0,0,200,168,100,84,0,0,0,0,0,0,0,0,0,0,380,380,0,0,0,0,0,0,0,380,0,0,0,0,0,0,0,0,0,100,0,100,0,0,0,30,0,0,30,0,0,0,0,0,0,0,80,0,0,0,0,0,0,0,0,80,0,0,0,0,0,800,0,0,0,0,100,0,0,0,0,20,0,300,0,380
96467816,Telangana,HR 68,URBAN,Apr-20,Dec-19,No Failure,Hyderabad,Accepted,N,HR 68_URBAN_VL,PSU_ID_4048,1910.005342,1910.005342,1910.005342,2.059441,2.059441,2.059441,Balanced households with no Seniors,Non-industrial Technical Employees,Matriculates majority household,Balanced,4 Members,15048,15437,5490,5879,1660,1200,180,280,350,494,0,100,620,557,100,320,0,140,295,750,480,750,480,0,0,200,200,40,40,0,0,80,80,120,120,0,0,0,0,0,0,0,0,0,820,1023,700,819,120,204,0,90,0,140,280,560,200,200,0,0,1100,1100,300,300,300,300,0,0,0,0,800,120,0,0,120,120,0,0,898,80,80,0,0,110,330,0,70,70,40,0,0,70,80,0,220,100,120,108,50,0,0,0,0,200,200,100,100,0,0,0,0,0,250,0,250,0,0,1850,1850,750,800,800,800,800,0,0,300,330,330,230,0,100,100,0,0,0,700,0,400,300,0,0,1800,200,0,0,1000,0,0,600,0,0,0,310,60,0,0,0,0,0,100,0,150,1000,0,0,0,1000,1100,200,200,0,500,0,0,0,0,0,0,0,0,200,0
34985865,Uttar Pradesh,HR 32,URBAN,Jan-20,Dec-19,No Failure,Faizabad,Accepted,N,HR 32_URBAN_M,PSU_ID_1847,104.525887,104.525887,104.525887,1.267894,1.267894,1.267894,Grown-up - dominant,Non-industrial Technical Employees,Matriculates majority household,Balanced,2 Members,10350,11042,6223,7269,920,560,165,195,215,384,180,65,425,595,95,414,155,250,465,1625,828,1500,540,125,288,175,415,75,282,68,243,35,130,285,135,150,160,573,65,187,95,226,0,0,1105,1105,970,970,135,135,150,55,0,185,0,0,0,0,0,0,0,0,0,0,0,0,0,0,0,0,0,25,0,0,25,25,0,0,885,55,55,0,0,90,580,65,0,65,35,0,95,65,65,190,160,65,95,0,0,0,0,0,0,690,690,345,345,0,0,0,0,0,0,0,0,0,0,1700,1346,750,950,596,950,596,0,0,0,0,0,0,0,0,0,0,0,0,455,0,130,200,0,125,0,0,0,0,0,0,0,0,0,0,0,475,425,0,0,0,0,0,0,0,50,0,0,0,0,0,242,0,0,0,121,121,0,0,0,0,0,0,0,0,0
98219966,Andhra Pradesh,HR 64,URBAN,Mar-20,Dec-19,No Failure,Krishna,Accepted,N,HR 64_URBAN_VL,PSU_ID_3847,802.826873,802.826873,802.826873,1.022523,1.022523,1.022523,Balanced households with no Seniors,White-collar Clerical Employees,Matriculates majority household,Male Dominated,4 Members,11164,11087,4415,4441,1550,1200,120,230,310,293,0,130,520,510,110,105,0,120,142,570,589,520,505,50,84,0,0,0,0,0,0,70,93,0,0,0,0,0,0,0,0,0,0,0,685,677,610,587,75,90,0,50,0,80,220,442,220,222,0,0,0,0,0,0,0,0,0,0,0,0,0,0,0,0,0,0,0,0,555,85,50,0,35,60,200,0,0,50,45,0,0,55,50,0,150,80,70,60,0,0,0,0,0,420,414,210,207,0,0,0,0,0,100,0,100,0,0,1670,1554,750,600,484,600,484,0,0,320,300,316,140,0,160,176,0,0,0,439,0,189,250,0,0,0,0,0,0,0,0,0,0,0,0,0,1605,1500,0,0,0,0,0,35,0,70,1300,0,0,0,1300,570,70,0,0,500,0,0,0,0,0,0,0,0,0,0
81062982,Tamil Nadu,HR 73,RURAL,Feb-20,Dec-19,No Failure,Madurai,Accepted,N,HR 73_RURAL_R,PSU_ID_10191,2612.273896,2612.273896,2612.273896,1.391304,1.391304,1.391304,Grown-up - dominant,Agricultural Labourers,Households of all literates,Male Majority,3 Members,15841,15701,6936,6841,1660,1250,215,195,245,260,125,225,655,622,225,222,125,225,222,780,744,655,622,125,122,0,0,125,122,65,60,215,217,0,0,0,0,0,0,0,0,0,35,250,1375,1346,1250,1224,125,122,200,125,85,128,68,136,0,0,0,0,1965,1954,615,604,325,322,165,162,125,120,1350,505,350,0,155,155,0,0,540,65,65,0,0,125,187,0,0,82,20,0,0,85,0,0,163,118,45,0,0,0,0,0,0,650,640,325,320,0,0,0,0,0,50,0,50,0,0,2100,2074,850,1250,1224,1250,1224,0,0,0,400,397,155,0,245,242,0,0,0,800,0,400,250,0,150,0,0,0,0,0,0,0,0,0,0,0,345,0,0,0,0,0,0,45,0,300,0,0,0,0,0,1875,0,800,0,0,125,0,0,0,0,0,0,950,0,0
41012777,Karnataka,HR 60,RURAL,Apr-20,Dec-19,Could not be executed,Dakshina Kannada,Non-Response,Data Not Available,HR 60_RURAL_R,PSU_ID_9781,1349.869791,1349.869791,1349.869791,5.045045,5.045045,5.045045,Data Not Available,Data Not Available,Data Not Available,Data Not Available,Data Not Available,-99,-99,-99,-99,-99,-99,-99,-99,-99,-99,-99,-99,-99,-99,-99,-99,-99,-99,-99,-99,-99,-99,-99,-99,-99,-99,-99,-99,-99,-99,-99,-99,-99,-99,-99,-99,-99,-99,-99,-99,-99,-99,-99,-99,-99,-99,-99,-99,-99,-99,-99,-99,-99,-99,-99,-99,-99,-99,-99,-99,-99,-99,-99,-99,-99,-99,-99,-99,-99,-99,-99,-99,-99,-99,-99,-99,-99,-99,-99,-99,-99,-99,-99,-99,-99,-99,-99,-99,-99,-99,-99,-99,-99,-99,-99,-99,-99,-99,-99,-99,-99,-99,-99,-99,-99,-99,-99,-99,-99,-99,-99,-99,-99,-99,-99,-99,-99,-99,-99,-99,-99,-99,-99,-99,-99,-99,-99,-99,-99,-99,-99,-99,-99,-99,-99,-99,-99,-99,-99,-99,-99,-99,-99,-99,-99,-99,-99,-99,-99,-99,-99,-99,-99,-99,-99,-99,-99,-99,-99,-99,-99,-99,-99,-99,-99,-99,-99,-99,-99,-99,-99,-99,-99,-99,-99,-99,-99,-99,-99,-99,-99,-99,-99
16691758,Bihar,HR 90,RURAL,Jan-20,Dec-19,No Failure,Saharsa,Accepted,N,HR 90_RURAL_R,PSU_ID_11848,6389.307572,6389.307572,6389.307572,1.984169,1.984169,1.984169,Youngsters - dominant,Wage Labourers,Households of all literates,Male Dominated,5 Members,8742,8839,4768,4671,1110,500,430,180,420,472,120,170,450,395,120,144,0,200,390,970,315,850,195,120,120,125,63,45,74,55,96,58,94,80,80,0,45,120,45,75,0,0,0,0,570,843,450,635,120,208,0,70,0,160,0,0,0,0,0,0,120,204,120,204,0,0,0,0,120,204,0,850,850,0,0,0,0,0,385,50,50,0,0,75,150,0,45,65,40,0,0,0,0,0,110,45,65,0,0,0,0,0,0,360,404,180,202,0,0,0,0,0,0,0,0,0,0,895,895,695,0,0,0,0,0,0,200,280,368,160,0,120,208,0,0,0,379,0,199,180,0,0,620,0,0,120,0,500,0,0,0,0,0,165,120,0,0,0,0,0,0,0,45,0,0,0,0,0,100,0,0,0,100,0,0,0,0,0,0,0,0,0,0
27101062,Punjab,HR 5,URBAN,Feb-20,Dec-19,No Failure,Ludhiana,Accepted,N,HR 5_URBAN_VL,PSU_ID_191,627.697089,627.697089,627.697089,1.404819,1.404819,1.404819,Others households of Grown-ups,Entrepreneurs,Matriculates minority household,Male Majority,5 Members,15520,14190,8120,6752,930,210,440,280,200,200,0,120,900,682,350,597,150,170,194,3300,1769,3100,1574,200,195,0,0,60,80,100,120,90,160,150,150,0,280,560,180,180,100,100,50,300,340,340,200,200,140,140,100,130,0,230,170,340,0,0,0,0,480,480,480,480,140,140,100,100,240,240,0,120,0,0,120,120,0,0,1020,120,120,0,0,130,540,0,0,100,80,0,60,80,90,130,200,40,160,30,0,500,500,0,0,1000,1454,500,727,0,0,0,0,0,0,0,0,0,0,2050,1808,650,1400,1158,1400,1158,0,0,0,140,193,0,0,140,193,0,0,0,600,0,300,300,0,0,50,0,0,50,0,0,0,0,0,0,0,60,0,0,0,0,0,0,60,0,0,0,0,0,0,0,1880,0,0,0,1100,80,0,0,0,0,0,0,0,700,0
11099614,Karnataka,HR 59,RURAL,Feb-20,Dec-19,No Failure,Tumkur,Accepted,N,HR 59_RURAL_R,PSU_ID_9729,3827.464014,3827.464014,3827.464014,1.146417,1.146417,1.146417,Grown-up - dominant,Self-employed Entrepreneurs,All Matriculates household,Female Majority,3 Members,10925,13129,4645,6303,1480,650,450,380,320,1137,90,200,550,758,120,418,90,90,350,610,557,520,332,90,225,100,100,70,140,40,98,50,50,0,0,0,40,80,40,40,0,0,0,0,600,600,600,600,0,0,0,75,0,120,0,0,0,0,0,0,120,209,120,209,0,0,0,0,120,209,0,1300,1300,0,0,0,0,0,480,95,45,0,50,70,185,0,40,65,30,0,0,0,50,0,70,70,0,60,0,0,0,0,0,300,756,150,378,0,200,0,200,0,60,0,60,0,0,880,1014,0,650,784,650,784,0,0,230,220,315,120,0,100,195,0,0,0,600,0,350,250,0,0,120,120,0,0,0,0,0,0,0,0,0,150,0,0,0,0,0,0,0,0,150,1800,0,1200,600,0,200,0,0,0,0,200,0,0,0,0,0,0,0,0,0
48833985,Jharkhand,HR 94,URBAN,Mar-20,Dec-19,No Failure,Dhanbad,Accepted,N,HR 94_URBAN_VL,PSU_ID_7120,702.447308,702.447308,702.447308,2.15978,2.15978,2.15978,Grown-up - dominant,Self-employed Entrepreneurs,Matriculates minority household,Male Majority,3 Members,7625,9225,4700,6550,1150,400,500,250,300,800,0,0,300,400,100,400,0,200,800,900,900,900,900,0,0,100,100,0,0,50,400,100,100,0,0,0,0,0,0,0,0,0,0,500,550,550,400,400,150,150,0,200,0,250,0,0,0,0,0,0,0,0,0,0,0,0,0,0,0,0,0,50,0,0,50,50,0,0,325,50,50,0,0,100,125,0,0,0,25,0,50,0,50,0,50,50,0,0,0,0,0,0,0,100,100,0,0,50,50,0,50,0,0,0,0,0,0,1500,1200,500,700,400,700,400,0,0,300,150,200,0,0,150,200,0,0,0,200,0,0,200,0,0,0,0,0,0,0,0,0,0,0,0,0,600,500,0,0,0,0,0,0,0,100,0,0,0,0,0,0,0,0,0,0,0,0,0,0,0,0,0,0,0,0
94371853,Uttar Pradesh,HR 18,URBAN,Apr-20,Dec-19,Could not be executed,Lucknow,Non-Response,Data Not Available,HR 18_URBAN_VL,PSU_ID_973,962.83214,962.83214,962.83214,1.70302,1.70302,1.70302,Data Not Available,Data Not Available,Data Not Available,Data Not Available,Data Not Available,-99,-99,-99,-99,-99,-99,-99,-99,-99,-99,-99,-99,-99,-99,-99,-99,-99,-99,-99,-99,-99,-99,-99,-99,-99,-99,-99,-99,-99,-99,-99,-99,-99,-99,-99,-99,-99,-99,-99,-99,-99,-99,-99,-99,-99,-99,-99,-99,-99,-99,-99,-99,-99,-99,-99,-99,-99,-99,-99,-99,-99,-99,-99,-99,-99,-99,-99,-99,-99,-99,-99,-99,-99,-99,-99,-99,-99,-99,-99,-99,-99,-99,-99,-99,-99,-99,-99,-99,-99,-99,-99,-99,-99,-99,-99,-99,-99,-99,-99,-99,-99,-99,-99,-99,-99,-99,-99,-99,-99,-99,-99,-99,-99,-99,-99,-99,-99,-99,-99,-99,-99,-99,-99,-99,-99,-99,-99,-99,-99,-99,-99,-99,-99,-99,-99,-99,-99,-99,-99,-99,-99,-99,-99,-99,-99,-99,-99,-99,-99,-99,-99,-99,-99,-99,-99,-99,-99,-99,-99,-99,-99,-99,-99,-99,-99,-99,-99,-99,-99,-99,-99,-99,-99,-99,-99,-99,-99,-99,-99,-99,-99,-99,-99
71153810,Madhya Pradesh,HR 53,RURAL,Feb-20,Dec-19,No Failure,Gwalior,Accepted,N,HR 53_RURAL_R,PSU_ID_12911,4501.171471,4501.171471,4501.171471,1.472924,1.472924,1.472924,Grown-up - dominant,Organised Farmers,Matriculates majority household,Male Majority,7 Members,14943,13359,5475,4434,1250,900,150,200,300,600,450,100,750,221,100,71,110,110,158,1700,840,1600,800,100,40,50,80,60,40,75,97,70,40,0,0,0,40,107,40,67,0,0,0,0,0,0,0,0,0,0,0,60,0,250,0,0,0,0,0,0,1200,400,1200,400,0,0,0,0,1200,400,0,1755,1400,200,155,0,155,0,180,0,0,0,0,0,180,0,0,0,0,0,30,50,100,0,0,0,0,0,0,0,0,0,0,1000,1200,500,600,0,0,0,0,0,0,0,0,0,0,2183,2090,887,1200,1107,1200,1107,0,0,96,550,800,400,0,150,400,0,0,0,550,0,400,150,0,0,0,0,0,0,0,0,0,0,0,0,0,200,0,0,0,0,0,0,0,0,200,0,0,0,0,0,2350,0,0,0,150,100,0,0,0,0,0,0,0,100,2000
70567405,Uttar Pradesh,HR 25,URBAN,Apr-20,Dec-19,Household not found,Bijnor,Non-Response,Data Not Available,HR 25_URBAN_S,PSU_ID_1409,1631.034568,1631.034568,1631.034568,5.413793,5.413793,5.413793,Data Not Available,Data Not Available,Data Not Available,Data Not Available,Data Not Available,-99,-99,-99,-99,-99,-99,-99,-99,-99,-99,-99,-99,-99,-99,-99,-99,-99,-99,-99,-99,-99,-99,-99,-99,-99,-99,-99,-99,-99,-99,-99,-99,-99,-99,-99,-99,-99,-99,-99,-99,-99,-99,-99,-99,-99,-99,-99,-99,-99,-99,-99,-99,-99,-99,-99,-99,-99,-99,-99,-99,-99,-99,-99,-99,-99,-99,-99,-99,-99,-99,-99,-99,-99,-99,-99,-99,-99,-99,-99,-99,-99,-99,-99,-99,-99,-99,-99,-99,-99,-99,-99,-99,-99,-99,-99,-99,-99,-99,-99,-99,-99,-99,-99,-99,-99,-99,-99,-99,-99,-99,-99,-99,-99,-99,-99,-99,-99,-99,-99,-99,-99,-99,-99,-99,-99,-99,-99,-99,-99,-99,-99,-99,-99,-99,-99,-99,-99,-99,-99,-99,-99,-99,-99,-99,-99,-99,-99,-99,-99,-99,-99,-99,-99,-99,-99,-99,-99,-99,-99,-99,-99,-99,-99,-99,-99,-99,-99,-99,-99,-99,-99,-99,-99,-99,-99,-99,-99,-99,-99,-99,-99,-99,-99
65079534,Haryana,HR 10,RURAL,Mar-20,Dec-19,Could not be executed,Kaithal,Non-Response,Data Not Available,HR 10_RURAL_R,PSU_ID_12100,2175.462116,2175.462116,2175.462116,1.339901,1.339901,1.339901,Data Not Available,Data Not Available,Data Not Available,Data Not Available,Data Not Available,-99,-99,-99,-99,-99,-99,-99,-99,-99,-99,-99,-99,-99,-99,-99,-99,-99,-99,-99,-99,-99,-99,-99,-99,-99,-99,-99,-99,-99,-99,-99,-99,-99,-99,-99,-99,-99,-99,-99,-99,-99,-99,-99,-99,-99,-99,-99,-99,-99,-99,-99,-99,-99,-99,-99,-99,-99,-99,-99,-99,-99,-99,-99,-99,-99,-99,-99,-99,-99,-99,-99,-99,-99,-99,-99,-99,-99,-99,-99,-99,-99,-99,-99,-99,-99,-99,-99,-99,-99,-99,-99,-99,-99,-99,-99,-99,-99,-99,-99,-99,-99,-99,-99,-99,-99,-99,-99,-99,-99,-99,-99,-99,-99,-99,-99,-99,-99,-99,-99,-99,-99,-99,-99,-99,-99,-99,-99,-99,-99,-99,-99,-99,-99,-99,-99,-99,-99,-99,-99,-99,-99,-99,-99,-99,-99,-99,-99,-99,-99,-99,-99,-99,-99,-99,-99,-99,-99,-99,-99,-99,-99,-99,-99,-99,-99,-99,-99,-99,-99,-99,-99,-99,-99,-99,-99,-99,-99,-99,-99,-99,-99,-99,-99
44576235,Andhra Pradesh,HR 63,RURAL,Feb-20,Dec-19,Locked,Vizianagaram,Non-Response,Data Not Available,HR 63_RURAL_R,PSU_ID_9866,2708.99939,2708.99939,2708.99939,1.642005,1.642005,1.642005,Data Not Available,Data Not Available,Data Not Available,Data Not Available,Data Not Available,-99,-99,-99,-99,-99,-99,-99,-99,-99,-99,-99,-99,-99,-99,-99,-99,-99,-99,-99,-99,-99,-99,-99,-99,-99,-99,-99,-99,-99,-99,-99,-99,-99,-99,-99,-99,-99,-99,-99,-99,-99,-99,-99,-99,-99,-99,-99,-99,-99,-99,-99,-99,-99,-99,-99,-99,-99,-99,-99,-99,-99,-99,-99,-99,-99,-99,-99,-99,-99,-99,-99,-99,-99,-99,-99,-99,-99,-99,-99,-99,-99,-99,-99,-99,-99,-99,-99,-99,-99,-99,-99,-99,-99,-99,-99,-99,-99,-99,-99,-99,-99,-99,-99,-99,-99,-99,-99,-99,-99,-99,-99,-99,-99,-99,-99,-99,-99,-99,-99,-99,-99,-99,-99,-99,-99,-99,-99,-99,-99,-99,-99,-99,-99,-99,-99,-99,-99,-99,-99,-99,-99,-99,-99,-99,-99,-99,-99,-99,-99,-99,-99,-99,-99,-99,-99,-99,-99,-99,-99,-99,-99,-99,-99,-99,-99,-99,-99,-99,-99,-99,-99,-99,-99,-99,-99,-99,-99,-99,-99,-99,-99,-99,-99
59440007,Rajasthan,HR 12,URBAN,Jan-20,Dec-19,No Failure,Alwar,Accepted,N,HR 12_URBAN_L,PSU_ID_676,268.928834,268.928834,268.928834,1.106509,1.106509,1.106509,Youngsters - dominant,Support Staff,Households of all literates,Female Majority,5 Members,17595,18198,5290,5772,1030,700,150,180,250,363,600,150,600,436,150,193,120,150,160,1320,1560,1200,1400,120,160,200,284,50,72,70,134,80,150,50,50,0,0,0,0,0,0,0,120,0,0,0,0,0,0,0,0,150,0,200,0,0,0,0,0,0,250,416,250,416,0,0,0,0,250,416,0,1600,1200,350,50,50,0,0,1435,50,50,0,0,70,795,100,35,120,70,50,50,70,50,250,400,250,150,120,0,400,0,0,400,400,568,200,284,0,0,0,0,0,200,0,200,0,0,2700,2571,750,1500,1371,1500,1371,0,0,450,250,250,250,0,0,0,0,0,0,550,0,400,150,0,0,1750,250,0,0,1500,0,0,0,0,0,0,470,350,0,0,0,0,0,0,0,120,0,0,0,0,0,2500,0,1400,0,250,0,0,0,0,350,0,0,0,500,0
98862949,Punjab,HR 5,URBAN,Mar-20,Dec-19,No Failure,Ludhiana,Accepted,N,HR 5_URBAN_S,PSU_ID_192,1240.958787,1240.958787,1240.958787,1.428571,1.428571,1.428571,Balanced households with no Seniors,Wage Labourers,Matriculates majority household,Male Dominated,4 Members,19010,20550,8230,7650,960,220,450,290,200,200,200,130,1200,834,400,738,0,180,205,3010,2363,2800,2036,210,327,240,240,60,80,120,120,110,160,160,160,0,280,560,200,200,80,80,40,300,0,0,0,0,0,0,100,130,0,240,170,340,0,0,0,0,0,0,0,0,0,0,0,0,0,0,0,1500,0,1500,0,0,0,0,1130,140,100,0,40,140,620,0,0,80,70,50,80,100,90,150,210,30,180,20,0,0,0,0,0,1600,3890,600,1745,200,0,0,0,0,200,0,200,0,0,4250,5127,650,1600,2477,1600,2477,0,0,2000,120,218,0,0,120,218,0,0,0,700,0,400,300,0,0,40,0,0,40,0,0,0,0,0,0,0,560,200,100,0,0,0,0,60,0,200,0,0,0,0,0,1480,0,400,0,0,80,0,0,0,0,0,0,0,1000,0
